2640,搬砖侠,3,2019-01-10,中美合拍的《新白娘子前传》，在脍炙人口的经典传说的基础上，加入了更具有现代感的改编，故事拉回到了五百年前，真正做到了文体两开花。中国风的场景挺精致，并且颠覆了此前追光动画作品的低幼属性，主打成人向，无论是画风还是影片中的“一夜情”桥段都相当少儿不宜，另外还有向徐克版《青蛇》和剧版《白娘子》致敬的地方，但缺点依然很明显，剧情转折相当突兀，很不连贯，而且追光动画确实在角色建模和面部表情设计上几乎毫无进步，角色一水儿的面瘫和网红锥子脸，可惜了
1953,凌睿,3,2019-01-09,"捕蛇村红叶似火、风景如画，村外崇山峻岭、层林尽染，永州城流光溢彩、灯火辉煌。
水墨风非常惊艳，漫天蒲公英无比浪漫，纸人军团极致震撼，动作戏让人瞠目结舌。
小白最仙女，小青最妖娆，狐妖最邪魅，蛇母最霸气，个个风华绝代，英姿飒爽，国漫（严格的说是合拍）终于不再玛丽苏、傻白甜。
“人间多的是长了两只脚的恶人，长了条尾巴又怎么样”最深刻；
“我的法力都被吸光了”“这下你再也推不开我了”最催泪。
片尾又和《白蛇传》的民间传说无缝衔接，解释了白素贞和许仙一见钟情的原因，小狗“肚兜”也修足福分，转世为人，成为许仙的姐夫。
美术登峰造极，画面美不胜收，缺点在于剧情比较简单，节奏略显沉闷，总体称得上“优秀”二字。
今年年初，中美合拍的《白蛇：缘起》即将正式上映，文体两开花，弘扬中华文化，希望大家多多关注。"
1779,女神的秋裤,4,2019-01-05,2019年的第一份国产惊喜，超出预期，虽然还有人物表情动作略显僵硬的通病，但已经比《风语咒》要好，而且画面精美，构图讲究，中国风终于不再是素材的堆砌，而是拍出了古典韵味，实在难得，诚意作品，也有水平。
1341,沧海一小生,4,2019-01-11,画面处理让人惊艳，那些如画风景栩栩如生、那些打斗的场面也是细腻、水平颇高；影片源于古老的故事，这次却另辟蹊径，他们居然要并肩作战了；中美合作，动画片整体制作偏美风，所以人物可能让你有些许熟悉感，比如女生特有花木兰的痕迹，但是男生怎么像胡歌哩，难道制作方看了仙剑，哈哈哈；不过瑕不掩瑜，片子值得一看，另外音乐也是让人心醉！
575,嘟嘟熊之父,1,2019-01-08,已阵亡。这精虫上脑腻腻歪歪的爱情太令人作呕了，谁看谁瞎。你说你画风搞那么精致有啥用？请个合格编剧能花你几个钱？
561,壹安²,4,2019-01-10,国漫啊国漫，与其称之为所谓的“崛起”，不如说“魂儿”一直都在，只是“皮囊”总是染上别的颜色。《白蛇：缘起》几乎是近几年的国漫第一次敢把“爱情”主题放在第一位的，用缘分的主题、高端的国风，保证了“皮囊”纯正好看。还是要感谢有这些认真的国漫人，足以值得我们骄傲。
463,一口吃掉小蛋糕,5,2019-01-03,"boss真的不是灭霸吗？蛇母为什么那么像安以轩。所以这个算十五禁了吧？猝不及防的床戏啊！开篇的水墨风实在太美了，如果全程死磕水墨风会不会更惊艳呢？不过影片画风也是无敌了
！背景太精细了！仿佛是实景拍摄。结尾的青城山下回忆杀！"
536,熊升树,5,2019-01-06,追光的动画一直在看，这部剧本终于靠谱了，几个人物几方势力的矛盾冲突铺垫合理而又层层递进，作为一个脱胎于烂熟传说的故事发展却十分吸引人，各种细节也充满了想象力的闪光。人物塑造也很出彩，小白这么主动还有情欲戏我超喜欢，斜马尾的毒舌小青也很带感，许宣居然能想到做妖精想必那一夜非常销魂……希望追光能把前几部赔的都挣回来吧
301,瑜笙皆假期,1,2019-01-08,看网红冯提莫版白蛇如何“cos”泰坦尼克号的冰山别离。
275,metaphor17,2,2019-01-08,由于照顾海外市场的需要，影片在故事层面做了妥协，略微有些薄弱。技术上也称不上太好吧，为何大家对国漫如此的宽容？
262,妄语,2,2019-01-11,中学生写网文，故事讲不好，骚句子特别多。男主冻成渣后旁边一女观众说了句“终于死了”。
227,马 夋,2,2019-01-03,坦白说，这两年追光一直没有啥进步。尤其这部上面，中国元素依然符号化的滥用。好像很多人分不清，蛇、蟒、蛟、龙是四个不同的生物。
211,王大根,3,2019-01-09,原来是白蛇传前传，前半部分像古早的香港武侠电影，后半部分是巨蟒灾难片，有些美术设计还挺有意思，故事就还是刚认识三天就爱到天崩地裂的真空爱情。你说你一个以爱情为所有情节基础的动画，就不能把男主角设计得帅气一点吗？那么路人脸的男主谁爱得进去啊！
265,远世祖,4,2019-01-05,惊喜之作！对于国漫，我们向来苛责的不是技术，而是创作者究竟有没有造梦的野心，以及讲好故事的耐心。《白蛇》无疑是成功的，画面帧帧质感，动作高度拟人，情节紧凑转合，完全不给人机会跑神。每个人物都有吸睛点，故事走向有几处想要往经典剧版靠又巧妙弹开作新。蒲公英的告白和魂飞魄散生死劫，又动情又泪目。看完走出影院，我有那么一瞬间的恍然，为一人心，伏地为妖，谈情说爱，真好呀！
214,红色条格衫,4,2019-01-11,动画设计在目前国漫里还是相当不错了，有些场景甚至有大气滂沱之感，让人惊艳了，而且音乐也贼好听，难得了！
129,亵渎电影,2,2019-01-16,就这质量，不就是Netflix的网大水准吗？各种一锅乱炖的致敬元素让它有着浓浓的大数据感，工业水准很不错，但故事却又空洞无物。相比去年《风语咒》，它的优点是剧作上没有方向性的错误，缺点是故事的层次感太弱，导演处理动作戏的能力也是野心很大，能力很差。两位导演还那么想拍动作戏，结果处理动作戏的能力跟隔壁《大黄蜂》的导演似的，只会一刀斩，感觉导演更适合去拍《一拳超人》。就像酷炫屌炸天的纸片人和那群奇形怪状的小妖精，就是撑场面的活道具？至于这个中学生网文感的一见钟情约炮故事，和白蛇、许宣这样的棒槌人物，你不能仗着有《新白娘子传奇》和徐克的《青蛇》之类的影视剧作品，就可以在人物塑造上这么偷工减料。这么一个故事，换成动画，紧随当下的网红脸审美潮流，把人物造型做成大型网游，再老调重弹一遍就那么有意思？
197,Mr. Infamous,4,2019-01-08,世所不容这四个字，降到殊途同归者身上，格外凄绝又格外悲壮。白蛇委身的男人，这回多了一份灯蛾扑火的奋勇，也多了一份拨云见月的智慧。就像是杨过与小龙女，不仅是改写了世俗的不公，而且是赢取了彼此的平等。所以见惯两腿恶人后的许宣，能说多一条尾巴又怎样，所以感受过大爱无疆的小白，也能说弃掉千年修行又如何。浮生掠过，还是只记那点温存，无论几世何年，尚有断桥在。这样旧瓶新酒的故事，追光从画面与质感上都展现得太惊艳。再打磨下，大有可期。
199,kakakarl,4,2019-01-08,蛇能有多冷血，睡完许宣马上就说恩断义绝再也不见！纯正的中国风，掺杂着水墨和写意，阴阳五行奇门遁甲，形象和技术还是一如既往地好，在大银幕看见国产动画的吻戏和床戏，虽然故事里还是有不足，但是拍前史比翻拍正统《白蛇传》靠谱，最后还有一些点到即止的致敬，2D上映，也没用3D骗钱，是追光动画最好的一次！
177,极圈里的燕鱼,4,2019-01-06,既然是成人向作品，剧情也不该这么简单幼稚。还有什么轮回转世得道修仙这些廉价的页游网文不离口的台词极大弱化了视觉营造出的史诗感。画面质感和人物动作在细腻和生硬之间不时切换。不过法术过招的视觉特效真的很赞，尤其是国师布阵大战众妖的戏份，很过瘾，很有想象力，也很有视觉冲击力，甚至让我想到《最后的守护者》中对于艾格文屠魔的描写。在这个廉价3D横行影院的年代，很纳闷为什么有些理应强化震撼力的作品却选择2D，就冲打斗场面的视觉特效，我觉得去看不亏。
113,贡丸猩猩,2,2019-01-08,披着白蛇设定的打怪片，最后还要强扭到正传。小时候看白娘子传奇，白蛇是一个智慧，勇气，敢于反抗传统的充满魅力的女性角色；但9012年了，白蛇却变为一个完全被动的被拯救的女性角色，可悲哦…
120,海角七号,2,2019-01-13,八分是认真的么？？逻辑不通，剧情老套，感情空洞……还有，能不能给女性角色穿条裤子换掉鞋拖！
99,Jorrow,2,2019-01-08,国产动画里的超级大片，可惜电影基本也只有白花花的大腿，万万没想到国产动画成人化到都有云雨部分了。技术跟故事始终此长彼短，情节的转变甚至人物的出场非常仓促突然。
89,朝阳区陆依萍,2,2019-01-15,哈哈，约P就约P，约出感情那可还行...
98,空灵赌徒,1,2019-01-03,诶哟 当看到四足三头鸟出现我就对本片毫无期待了 这个审美呀 真的是 花花绿绿的特效 实在太浮夸了 最后什么乱七八糟的渲染气氛 看的头疼
114,团小纸,3,2019-01-11,追光的技术已经很好了，就差一个好编剧……
133,如墨画卷,5,2019-01-05,唯美的风格、黑白水墨风的影像、浪漫的故事，将白蛇与许仙的美好爱情得以近乎完美的诠释；影片以人与妖如何共存为核心，以善恶的命题为起始点，以此来诠释许仙与白蛇之间的前世姻缘。与此同时，片中关于五行与古乐的“描写”，更是将“前世今生”这个命题描绘的淋漓尽致。
111,珠珠侠,4,2019-01-03,故事讲述了白蛇在西湖断桥与许仙一见钟情的前世因缘。动画风格唯美浪漫，有黑白的水墨画风格，又有奇特诡异的妖魔风格。作为动画片的标配，片中的小狗狗给本片带来了很多欢声笑语。本片集爱情与魔幻为一体，颇有徐老怪版狄仁杰以及倩女幽魂的神韵。
105,Oracle,3,2019-01-10,片尾曲响起之前，我从未想过这首旋律如此熟悉的歌曲可以有如此力挽狂澜的功效
68,猛汉世雄,3,2019-01-13,各方面来说都好土啊，我国动画电影的特色，土
107,武侠小王子,4,2019-01-12,我想拜那位蒙面小道士为师，不知道有什么渠道吗？
63,不良生,3,2019-01-12,我决定再去看十遍《新白娘子传奇》。
96,冰镇西瓜橘子水,4,2019-01-09,和风语咒一样的毛病 结尾大战缺经费匆匆结束 但是风景很美 中间一段青白二蛇斗小道士的打斗很惊艳 还有白娘子也太美了 全程看脸 四星鼓励
95,齐雨,4,2019-01-08,一时欢情，我记了五百年。知道为什么吗？因为和一切永恒相比，转瞬即逝的永远最美好。
47,掉线,3,2019-01-17,【C+】徐克+仙剑奇侠传，电影不差，但国漫崛起了吗？没有的。经过数年，国产动画已基本解决态度差，制作糙，取向价值低幼等问题。真正摆在他们面前的桎梏，是“写出属于动画的剧本”，而不是讲一个用真人形式也能拍摄的故事。动画的意义不是给剧作潦草遮羞，而是为了去展现想象力与现实世界无法实现的东西，等华语动画人能普遍有这层意识，国产动画才真正有赶日超美的可能。
124,宇航员,5,2019-01-11,同为动漫行业工作者，点映的人不多，个人观影可能更多关注了技术层面，我觉得做的很好，瑕疵肯定是有的，不过整体瑕不掩瑜。画面唯美，国风浓郁，配乐剧情合格，多一些鼓励，希望可以越做越好，我在思考动漫对于除开行业内和热爱者的观众的接受度和观影时侧重点的不同。
80,废铁城的小月亮,4,2019-01-10,居然是和华纳合拍，制作中方为主，很惊喜！王总放弃搞创作之后，追光原本就很厉害的技术助力整片水平腾飞，从小门神开始的粒子旋转大法到这一部已经用到了出神入化的地步2333唯一希望更进一步的就是完全原创能达到这次的水准吧～最后，两口子谈恋爱的时候请多关爱一下旁边的单身狗，不然ta下辈子可能会变成你们的姐夫……（姐姐做错了什么！）推荐观影，期待追光的下一部作品～
43,Panda的阴影,3,2019-01-08,还想着追光和华纳合拍，兴许能改良《小门神》《阿唐奇遇》《猫与桃花源》诸如「人物台词嘴型对不上、动作力度有欠缺、形象设计欠佳（大部分蛇妖真是欣赏无力）……」等问题，结果老毛病一如既往地延续下来，我也是醉了。当然可圈可点的背景制作也得到传承（部分蛮有中国风的空镜挺美轮美奂的）。至于故事，这个追光动画的短板，真是一而再再而三地不满意。每次都3.5星鼓励，结果至今都没质的改善。
58,丸秋,3,2019-01-10,宝青坊好评，狐妖太酷了。整个剧本都欠打磨，转合没一个不生硬的，狗可能是从《花木兰》小龙那里照搬过来的。许宣有屌癌，自大狂。
38,叶随霓,1,2019-01-09,身体和五官比例严重失调，因为是妖怪，所以不会捏脸么？光是看图就吓死了，都不敢看剧情了。
43,末路狂花。,3,2019-01-11,画面还行，剧情以及人物塑造差强人意，没什么打动人心的情节和细节，如果不是贴了个国产动画的标签，平庸得让人过目就忘。
53,mua,2,2019-01-11,友情提醒，女生不要和自己的女性朋友去看。
41,再见列宁,2,2019-01-14,感觉前一大半就是“咱们随便拍拍就好结尾震他们一下”，背靠知晓度如此之高的底本，前传的设定也给了足够的空间，你就拍了这？？？无限想念并期待《大护法2》
54,Sherlock,4,2019-01-04,很惊喜！观影过程中一直在默默计算，关于剧情的设计都经得起检验，关于想象力也有足够的展现。缺点大概是：价值的变化不够详细，人与妖的感情应该冲破些什么、牺牲掉什么，人与妖能否、如何和谐共存；一些人和物件的设定不够详细，玉钗的功能应该细化一点，男主中的蝙蝠，会说话的狗和地下的符文等应该承受更多的功能；还有就是关于中国风的老问题，但已经无需苛求太多。最后的大战的缘起逻辑有点弱，但三层的节奏都非常精彩——在很多商业片里都没见到。现在能做出给人留下印象的人物的不多，而本片却产出了人气角色：坊主的香艳，真是非同一般。
58,LOD,4,2019-01-11,画面非常棒，人设也很喜欢，女主很漂亮，结尾桥上回眸最惊艳，肚兜这个单身狗也很有意思，最有特色的还是宝青坊的狐妖，诡异的萌感，激情床戏我个人觉得是很唯美啦。中间两条蛇和小道士的打戏其实比后期大蛇那段更精彩，看的更爽，音乐也是很棒的，还勾起经典回忆，周深的那首也很好听，之前听到才决定去看的。说说缺陷，男主完美的像个神，抗揍痴情懂得多，可惜长得不够苏，转世成许仙还顺眼一丢丢；反派太单薄太弱了，设定感觉也讲的不是很清楚，还有那个钗的具体作用也迷迷糊糊的，是连带魂魄记忆一起封印了？
50,阿伦和饭师傅,4,2019-01-03,虽然桥段俗套，但挺好看。 挺标准的商业片。
42,MrZhai,3,2019-01-12,讲真，制作人是不是腿控？恋足癖？
36,二火山,3,2019-01-09,【两星半】追光的技术依旧是目前国内三维动画里顶尖的，这次讲故事的水平从小学提升到了初中，节奏上相对顺畅了不少，文本却选择了地摊散文体，最关键的人物转变和感情递进，基本没一处能做到位，用动作场面强撑，结尾大战也看不到什么惊喜，都是徐克的影子。直到最后「新白」里那首「前世今生」的前奏响起，才被瞬间感动，可这跟你电影没关系啊，是人左宏元的功劳。虽没像「风语咒」那样为我所用得过分，也有很明显对「天龙八部」和「泰坦尼克号」的临摹（还有点「毒液」的痕迹）。中间那段脱衣露背云雨之事带给观众的尴尬，恰恰暴露了追光核心团队对成人向理解的肤浅，还以为大众的审美停留在93年看「新白娘子传奇」的年代吗？
37,萍水相逢,3,2019-01-11,光天化日就这么来了？上一秒刚上床下一秒就翻脸？画面是真美，就是人物表情眼神跟傀儡一样空洞
29,恶魔的步调,4,2019-01-11,灭霸，你是不是窜场了啊？
23,Pronoia,2,2019-01-12,我略蠢 我佩服我自己
27,范克里夫大尉,5,2019-01-13,真心好看到炸裂，完全没尿点，斗法的场面牛逼疯了。希望多给排片啊……另外片尾彩蛋别错过，很重要。（求出老妖和狐狸精的手办啊）
49,天堂电影院,5,2019-01-11,视觉盛宴，惊为天人啊，这才是国漫啊，一直在进步的国漫啊，给100颗星都不足以表达对国漫雄起的激动，追光人加油啊！
29,次等水货,3,2019-01-11,不如预期，开场几句对话、一个道具、男主的名字第一次被叫起就能猜到结局的样貌了。结局在一开场就被参透也没啥，那看过程好了，却明显能感到这个故事开发的痕迹，仿佛创作者们凑在一起头脑风暴一番，说要有这个要有那个，然后由编剧串起来填充一下台词，完了就开始制作，结果却让人感觉这个故事散发不出活力。且它没有大的世界观，很多桥段都有别人的影子，应该是从《哈利·波特》、《天龙八部》、《青蛇》等作品中汲取过营养。
50,星野流魂,5,2019-01-09,这个结尾真的漂亮，轮回的故事总是那么富有情感的张力
23,萨库拉,4,2019-01-14,除了男主很像林更新女主很像杨颖，其他都超出预期。万万没想到是谍影重重加倩女幽魂加千与千寻再加仙剑，对《新白》也很聪明地致了敬，最后断桥上《前世今生》响起时简直哭出来。就是对少年之爱无法免疫。
26,汪金卫,2,2019-01-14,动画技术方面，场景空间模型非常精致，水火效果和动物道具模型也都不错。相比之下人物角色建模就太差了，男女主造型和十几年前的国产游戏CG动画相当。尤其是毫无肉感的皮肤、面瘫表情脸与轻飘飘的重量质感，导致动作戏也显得略假，让人很出戏。距离外国动画团队差距还很大。剧情方面也较薄弱，架空历史讲玄幻，宝青坊主设定太奇怪。不是增加一场露背床戏就是成人向了。两星半
19,高等游民阿朽,3,2019-01-08,看的点映，画面算是比之前追光动画有了明显提高，但是故事可真是一如既往无趣了。继续鼓励，期待再进步。
43,Leediudiu,5,2019-01-13,结尾大战稍微有点崩，但是不影响热泪盈眶加5分啊，结尾曲旋律想起来的时候，我这个80后大叔又泪目了
18,思路乐,3,2019-01-12,我算是明白国漫现在到底尴尬在哪儿了，就是他们糟糕的市场定位。作为一部动画电影无论如何首选受众目标肯定是儿童，但本片的主题“爱情”却并不是那么令人好接受，况且主创还加入了不少恶趣味和少儿不宜画面，这就导致本片不是那么能让孩子在电影院看的高兴。另一方面，故事上由于时长所限，导致叙事节奏太快，有很多人物性格的转变实在太难以令人信服，这就造成了一种电影与观众的隔阂感，这也让电影无法有足够的吸引力去让成年观众买票。这样“高不成低不就”的尴尬定位导致本片很难在商业上获得成功。唉，没办法，国漫目前还是只能缓慢的螺旋上升发展。
6,无耻不混蛋,3,2019-01-12,融合了动作、奇幻元素，让许仙与白娘子的传奇爱情，变成了动作奇幻大片。并融合了传统的中国特有的水墨动画晕染效果，总的来说，还是值得鼓励。
8,平成御宅,4,2019-01-17,肚兜是小白和阿宣的灯泡，阿宣是小白和小青的第三者。
13,肖恩恩恩恩肖,4,2019-01-14,确实超出预期了。虽然问题还是不少，比如结尾煽情太刻意，足足让主角哭了五分钟。白蛇的配音太做作，明明御姐人设，却很爱哼哼唧唧。但是故事讲这么顺实在难得，加上头一次在电影院看到动画角色的床戏真是震撼。一句话：女主角长得像杨超越的动画片运气不会太差。
19,路易思,5,2019-01-16,白蛇这是赤裸裸的骗炮……
35,OCT IO≯,4,2019-01-12,追光已经达到了故事能'想到'，技术能'做到'的程度，这些年的积淀以及持之不懈的尝试终究没有错付！不单单只是贩卖情怀，而是有一个足够真诚且动人的故事！致敬的段落不发尬，点到为止恰到好处算是惊喜…打斗戏的镜头调度和橘子社有一拼，但人物情感刻画和面部细节的处理还有很大的提升空间，黑屏切够多够硬，情节的推进和转折亟待编排优化，瑕不掩瑜、希望这些问题能在续集中能得到改善（学日漫乱加杀必死的毛病也得改！）……国产动画不易，总的来说达到并超出预期，起码甩出之前号称国漫之光的“三大”（《大鱼》《大圣》《大法》）一大截……多半星鼓励之！
33,谢谢你们的鱼,4,2019-01-11,“人间多的是长着两条腿的恶人，长条尾巴怎么了。”真的是没有白喜欢追光之前的作品，在修补了之前的很多的创作缺陷之后，我还是第一次看到一部把画面美学和故事美感结合得如此出色的国产动画，而且还真的是实打实的成人动画，小白真的是性感，吼吼吼～当然，故事不像《白蛇传》，倒是更像是失忆版的《倩女幽魂》。
41,甘豆腐,4,2019-01-12,"看之前：预告片演的都是啥玩意儿啊！追光到底想不想在圈内混啦净瞎几把乱改！人物怎么这么丑啊！不看不看！


看之后：真香。。。"
4,寒枝雀静,3,2019-01-19,D / 剧作其实一直缺少一个足够有内聚力的主轴，导致文本上种族、爱情、生死、记忆等等都有种穿插乱飞的混杂感，缺少主题上的纵深递进。情感线的律动也因为奇观展示的需求被遮蔽掉不少。当然最大的bug还是一个女性叙述的回忆却暴露出过度男性向的趋势，所谓成人动画大概还是偷换了性别主语的成人。尽管整体依然保守且有大量显而易见的缺点，却能被细节上的恶趣味娱乐到。各色设定虽然简单直白却处处透露出“好邪恶好强大”的气息，在审查限制之内留出了颇为魔幻的臆想空间。国漫横向比较而言个人还是更喜欢《大鱼海棠》。
32,又又,5,2019-01-12,真好看啊啊啊啊，画风像仙剑，视觉像徐克，故事也很棒！好喜欢狐狸精哦，许仙也终于不再是文弱书生了。小青青好可怜哦沦为炮灰…好久没被这么俗套的爱情故事感动了…
9,哪吒男,2,2019-01-19,还是中美合作道行深，《大护法》可不敢骂“共享共有”，就差骂共X了。
25,连子glu,5,2019-01-14,这是我人生中第一个二刷的电影，喜欢的不得了
41,茶底世界,4,2019-01-11,对于国漫，我一向都是不吝赞赏的，加油鼓劲并指出问题永远比单纯的谩骂有用，画面一流水准，制作精良，故事层面有所进步，致敬了不少经典，比起前三部来说算是不小的进步了，可是急于摆脱低幼的帽子又陷入了另一个怪圈，有些画面过于成人向，但故事并不成人向，应该来说是青少年向，还需要再加油，最后，祝收回成本，这一部成本看起来就很高昂，以我的了解，最少八千万吧（保守估计，希望比这低），追光坚持下去，记住你们的梦想，你们是要做中国皮克斯的公司，加油，加油。
19,Howe,3,2019-01-05,似乎想讲很多东西但每一样又都没讲好，节奏有些乱，感情也有的生硬，很多台词显得又装逼又多余。国师突然领盒饭，蛇妖头目突然又反转让人有的摸不着头脑。另外，香艳的元素有点过头，轮回转世等封建迷信元素也不可取。
13,元宵,1,2019-01-15,打着《新白娘子传奇》IP蹭热度的作品太多了，这个其中算一个，没有官方授权
27,zeroasd123,4,2019-01-11,国产3D动画的技术力，美术背景的渲染以及人物建模全都让人赏心悦目。导演真实腿控，各种大白腿，尤其是初见狐狸精老板娘那里极为惊艳。剧本上还真没怎么拖后腿，起承转合除了后面有点赶没啥毛病，但不得不说动画题材还是占了点便宜，可是近十年来大陆最好看的白娘子故事片居然是这个，那之前各种真人影视剧也有些丢脸吧。虽然是故事新编，但是将“爱”这个主题展现的还真不错，最后那幕我真的有点被感动了....
5,陆支羽,3,2019-01-12,3.5。
17,字母君,4,2019-01-08,"四星鼓励追光现在走的“徐克模仿秀”路线，结尾西湖竟把我感动出两滴老阿姨的眼泪。宝青坊像低配恶趣味版宫崎骏，打道士那场戏则脱胎自《龙门飞甲》客栈大战雨化田，纸人金鹤也像极了徐克会弄出来的东西，感觉是徐老怪拍了部仙剑。要是以后这种场面能再多点，追光把剧本写啥样我都认了。
许宣角色足够讨喜（但怕蛇的设定一半丢了），其他角色则全线写崩。动作设计比较浮夸（幸好连浮夸也是徐克那卦），剧本段落衔接仍然有问题：情感升温只建立在身体接触的基础上，一摸钟情，一啪定终生，好在不太致命。外观不那么低幼了，但内核还是天真的，不至于矫枉过正，大概这就是我一直对追光有好感的原因吧。
蛇怪的造型MH既视感太强，决战完全是白海龙和蛇帝龙打起来了啊，下意识想躲陨石、找补给箱……最后的法阵也像麻痹陷阱，国师其实是猎人村出身的吧？"
6,zitsunari,3,2019-01-19,「共享共有，万流归元」这个口号的隐喻太明显了，前半句是表，后半句是里，影射的是级拳的实质，所以妖妇和道士之争，实际也就是xxx和xxx之争，无非妖在野而人掌拳，道士剿蛇固然残忍，当妖妇击败了道士，所作所为有过之而无不及。
23,森夏,3,2019-01-03,画面和动作不错啦，有钱投资，追光动画就不能选个好本子么🤣，太网络文学了！很俗套，上来就失忆梗，人物情感进展突兀，整个故事太简单，很低智，一言不合就开打。人物没意思，台词太生硬。没什么新意，能看到很多同类作品的影子。最后一战蛇的形象想到了《龙之战》，但好得多打一会儿啊，危情紧张都没达到最高。此外剧情上还有好多瑕疵。还有不知道是不是甄嬛传留下来的坏毛病，现在古装剧的人都不好好讲话了，当然这个可能是我个人趣味。但最令我惊讶的是，这是部偏成人带色情化的动画电影。不是说情色低级，是处理的太低级，看的我鸡皮疙瘩直掉，不觉得美。床戏太突兀了，好尴尬。小青小白打廉价的姬情擦边球。
7,河狸,4,2019-01-15,相比追光的前三部影片，本片在剧情和技术上并没有多少提高。不过因为成人向题材和大场面的缘故，所以豆瓣评分比前三部要高。
4,tankry,3,2019-01-15,看完之后还蛮开心，在比较有限的时间内呈现了一系列奇幻场景，且基本自洽，动作设计非常饱满，显然是有很扎实的技术功底的。虽然在文本上没什么野心，但也能明显看到对青蛇中人物关系的致敬与解构，白蛇青蛇共浴的镜头设计完全复刻王祖贤张曼玉，真是惊喜。片尾断桥重见也非常心动，我还是很爱宝石山的。
19,噜噜123,3,2019-01-14,"剧情太莫名其妙了
小白和阿宣莫名其妙就上床了，上完床小白莫名其妙就要六亲不认离开阿宣，小白莫名其妙就要去屠村，师傅莫名其妙就要吸干所有徒弟的精元……"
8,瑞波恩,4,2019-01-17,算是这几年国漫的用心之作，画面五星，造型和场面四星，故事三星，煽情部分扣一星，总之看国漫与日漫或美漫的标准不一样，因为国漫充其量只是个幼稚的孩子在学习走路，本片揉杂了迪士尼《小美人鱼》与吉卜力《千与千寻》，生搬硬套的嫌疑不小，但成效整体超预期，有惊喜，也有遗憾，老套的煽情，片尾的《新白娘子传奇》音乐又莫名其妙，而从彩蛋看来还会有《白蛇：后传》，野心不小，最后成佛或成魔，可以期待一二。
9,人五,4,2019-01-16,是好看的，看哭了。
10,深夜声咽,4,2019-01-14,中午场，没想到还挺多人的，只是我又迟到了，四十分钟手动捂脸表情，从师父说师父说什么进场，几乎错过一半了，罪过罪过，感觉自己近来越来越不尊重电影了对不起！不过片子感觉真不错(加深愧疚感)，没有错过洞穴吻戏船戏斗法，肉感做得不错，小白.腰..侧乳…不错不错看得蛮羞耻的喜欢…如果有续集：缘灭，一定好好继续支持走起。那只汪哈哈哈可爱，小青有点小失控，男猪最会找生门，生门一说指阴道。今晚我必须恢复跑步了。
6,海哈哈,3,2019-01-12,"人生在世，苦多乐少，所以要记住经历过的美好。或许就是因为先有了这句话，才有了这个故事，可也正是因为太想要表达这个主旨，导致故事很假，人为雕琢的痕迹极强。前五分钟，画风精美，水墨画融合山水，让人一下子沉浸在故事里，可是随着倒叙剧情的开始，故事就开始走偏，为了剧情的矛盾冲突，导致人物情感极其淡薄，以至于两人在塔内相拥入眠，显得极其突兀。中间往后的剧情，可以看到太多片子的影子，赵灵儿和李逍遥，锁妖塔，兑换宝物，倩女幽魂等等，让人出戏的同时，也明白创作者想表达的想法，但就是会太刻意。即便如此，看到这部片子，还是会觉得国漫依旧在进步，需要类似的推陈出新，鼓励。"
13,于非,1,2019-01-15,这么经典的神话故事就不能好好写前传吗？还吸星大法？就不能好好奋斗、踏踏实实修炼吗？还有小青，是怎么从形神俱灭阵中出来的？少有的几幕水墨画运用的不好，很突兀跟整体画风差别太大，像是穿越到另一部片子。配音配乐太嫩，渔舟合唱简直尴尬死。
12,第七大陸,3,2019-01-13,青蛇+奇门遁甲+仙剑奇侠传。几处细节禁不住推敲，水墨风也只是昙花一现，最恐怖的莫过于国师要练到飞升却目的还是赢回皇帝的宠爱。最喜欢宝青坊的戏。
8,发条橙,3,2019-01-11,华纳注资，中美合拍，助力追光动画文体两开花，安排！美轮美奂，颇具匠心的视觉效果，并将传统的好莱坞叙事模式成功嫁接到中国民间耳熟能详的奇幻故事中。虽有瑕疵，但至少能看出其努力的方向，不论立意还是制作，都算是追光动画的顶峰水平了。按这个路子继续拍下去，还可以在破产的边缘挣扎一翻，继续加油哦，国漫之光？！
19,荔枝超人,2,2019-01-15,这是小白还是小倩？？（甚至有不少元素跟动画版《小倩》是雷同的）编导大概是抓到了几个teenager观众会喜欢的点，其余就东搬西凑也没所谓了，大段大段的打戏和莫名其妙的“动人爱情”实在太儿嬉。PS谢谢你们没有做成3D发行。
9,山下河里美,5,2019-01-14,重标，4.5星改5星，个人年度十佳不解释，想象力瑰丽如梦，简单整理比较有意思的几个改编点/片段：1、反派佛教变道教，太阴真君的招魂幡、千纸鹤、修罗法阵、面纱拂面的毁容弟子；2、宝青坊狐妖千年身体少女面孔，烟斗印章宝青制造，细节感人。3、一身软胄的青蛇盘身佛像掌中拈发带笑，还魂张曼玉《青蛇》。4、片尾彩蛋一定要看，期待续集。
5,徐若风,4,2019-01-19,"在追光上一部《猫与桃花源》后，我曾说“事不过三，与它决裂”，所以这部拖了那么久才去看。但令人颇感意外的是，它几乎是我认知范围内，登上院线的国产商业主流三维动画里的最佳作品，是真正的行业顶尖，甚至放在国内都已经不具备可比性。如果说《大圣归来》之流算“分水岭”，那么这部简直就是一步极大的飞跃。
从模仿徐克的改编思路出发，这部电影不仅是一个紧凑、有趣的故事，善恶观模糊中又带着笃定的人物塑造，最厉害的是呈现了精致之余、非常扎实的美术世界里的奇幻唐朝，尤其是在“修葺木塔”这一建筑物的细节还原、宝青坊的奇观展示这两块，完全是教科书级别。可惜，情感线索的铺垫不够充分。"
17,朽木立夏黑猫酱,4,2019-01-12,事实证明无论什么版本的白蛇传，男主永远不顶事，这一版的人设更是一言难尽，成了一个行为逻辑判断力都欠费的莽夫，小青则传承了《青蛇》里善妒的小性子。许宣很胡歌，小白很鞠婧祎，道长很陈坤。各种场景时常唤起我对经典华语古装电影的记忆，蛇族首领一秒钟出戏到《倩女幽魂》，国师团队则出戏到“东厂”。可能是追光动画场面最恢弘制作最精良考究的作品，也能感受到尽力在去贴合成年观众的观影槽点和趣味，导演就像里面的角色一样，非常的撩。可惜剧情其实乏善可陈，后半段努力在让矛盾与冲突变得复杂曲折并凄美感人，然而还是落入窠臼。回到杭州那一瞬感到我国景色真美。人设的脸部美漫CG感太强烈，且男主表情空洞无神得可怕。这部电影可以让非直女观众对男主吐槽很久。
17,Vision Rich,5,2019-01-13,应该是今年最好的国产动画电影啦！制作精良，选题巧妙，音乐 美术 布景 人设 都很好，最后还玩一波情怀加分，美中不足的是人物表情不够生动，情节简单，转折略带生硬等等，但瑕不掩瑜～如果有人想看可以陪ta二刷哦～
12,蒜 | BOY A✎,3,2019-01-15,都被《新白娘子传奇》的BGM感动了，还不如多看两遍《新白娘子传奇》，大家对国产动画真是太宽容了，对纯爱故事太向往了，用近两年最贵的一张电影票支持国产动画，尽力了
16,蕭肅川,2,2019-01-11,差强人意，逻辑都给奇观让路了，宝青坊和大决战的视效是有亮点，但是作为爱情故事是不合格的。一月院线虽有些乏力，不过想达到当初《大圣归来》的影响力应该很难。
10,梦里诗书,3,2019-01-10,追光动画在国产动画的高品口碑并没有衰落，《白蛇：缘起》在视觉上有着一如既往的细腻唯美，但面对一个其实本就拥有国人皆知为奠基的蓝本原型，其仍旧还是没能一改自身剧情上的弱势，那薄弱的剧情，以及脸谱化的人物，都使电影虽然为一个老旧的经典焕发以新机，但却难谈多少惊艳可言。
5,what'swilliam,3,2019-01-13,3星半。水墨风果然还是国漫最华丽且难以复制的法宝。电影致敬了拍此题材无法绕过的两座大山《新白娘子传奇》和《青蛇》，尤其《青城山下白素贞》的旋律响起时，全场哼唱无人离场，有点感人。按理说动漫更容易塑造外型美到极致的形象，可本片中的女主形象总是让我分分钟感慨还是赵雅芝和王祖贤美，女主神似范文芳，男主像胡歌or佟梦实，小青gay里gay气的。斗法场面足够绚丽。剧本问题不小，“许仙”化身活力少年郎的想法很好，但总给人一种“色字当头的青春期少年看人家姑娘好看就一直跟着”之感，他一个捕蛇人怎么懂那么多的？猝不及防就床戏，还特么在佛塔里？猝不及防蛇王人设崩塌，男女主刚认识就谈理想，反派智商堪比草履虫。估计经费有限部分反派配角形象非常“网游”。很想去帮这部电影改改剧本。
37,半江瑟瑟,5,2019-01-13,"看前：迪士尼脸
看后：目不暇接的动作和反转，特别是宝青坊真有想象力，好像汉代画像石，真香。"
20,陈少侠,5,2019-01-12,三度落泪，十分好评。好久没看到这种催泪电影了，尽管前面节奏稍快但瑕不掩瑜。把情爱与历史结合，讽刺了政治和社会，增加了整部片子的厚重感。适合在电影院里看的片子，画面无可挑剔。许宣对小白说，无论何时，有我在。看到这一段的时候，我内心汹涌，多么想对某个人也这样说，无论何时，有我在。
4,桃桃淘电影,3,2019-01-22,以追光自己作品的角度，终于确实有提升，起码找对了方向，不再弄那些土洋结合，小孩子乱蹦的东西了。剩下的，就是更加丰富自己的故事了。
3,大瘦瘦,3,2019-01-19,话说五百年前，圣上求长生，神仙们打架，国师谋私利，苛捐杂税，民不聊生，底层互害，同性情谊难以维系，爱情也因身份而无法善终，我不要下辈子成精，我要现在就不做人了，但即便我做不成人、变成妖怪你们也都不放过我，区区草民唯有一死望投胎能经历个美好的时代
9,无非🏳️🌈,4,2019-01-12,除了脸有点僵之外画面一流，美轮美奂；故事杂糅了白蛇传仙剑奇侠和屌丝白富美类爱情故事以及玄幻武侠。白蛇和男主角滚完床单就要和他断绝关系，说人妖殊途，给人感觉是他床上活不太行哎；狐妖暗示取元神时候也要顺便阉割下体，后排的女生惊呼了一声What the fuck！笑点基本来自宠物狗。以上。
16,zts,4,2019-01-11,可能是国产动画在工业制作上达成的新高度，东方神话还是本土的创作者更难把握其精神内核，故事上把白蛇传改编的比较成人向，BE也在意料之中；追光动画一连几部电影下来几乎都在亏也是挺心疼的，希望这次票房能好一点吧
8,又春总猜,3,2019-01-17,说实话真的觉得很一般
22,羽小凉,5,2019-01-08,小门神我都打了四星啊，这我得打满星。虽然尬点也有，但是作为2019开年的国产（虽然还有华纳，但我就说国产怎么着），我觉得挺好的，场景非常美，随便截屏就很好看，人物细节表情到位，除了男猪长得有点磕碜（。）剧情简单之外还是有很多可取之处的~特别是青白，MD我真是嗑死了这对CP，太有感觉了，成人向动画，带娃慎重。
3,北海道 花系,3,2019-01-16,能看到制作组的诚意，但是如果说是“国漫之光”，那还是言过其实。女主建模明显的网红脸，蛇精脸（锥子脸），审美疲劳，但是毕竟她确实是一只蛇精，好像也没什么问题。男主角有点像胡歌。风景不错，剧情一般，成人向动画，新白娘子传奇前传，转折有些突兀。
7,苏大,2,2019-01-20,新酒装旧瓶，剧情过于简单了，实在是不敢恭维。除此之外，男主和胡歌明明就是一个模子里刻出来的，非说是令狐冲，这种像某人又不能是某人的擦边球把观众当弱智的把戏什么时候能够停止。国漫雄起，国漫雄起，从大圣归来就开始喊的口号到现在还没雄起，利用爱国情怀卖票，不敢苟同。
8,为虾米呀,3,2019-01-11,美国负责技术，中国负责奇门遁甲飞仙道升？  故事搓了点，但最后的巨大“彩蛋”有点酷
18,皮蛋瘦肉粥,3,2019-01-03,有国风有蛟龙，却少了一份厚重；有情也有欲，唯独没了一个真字。百年的道法、千年的爱恋化作水墨，化作断桥的一滴雨落在青簪上。说到头，反最喜欢那只撩人的双面小狐狸，勾足软语间数不尽的风情。
12,正弦大波,5,2019-01-13,"追光的第四部片，一直和部分前同事有些联系，也因为前几部作品对这个公司的未来发深深担忧。中国CG动画到了这个时代，虽然部分作品表现亮眼，但观众对于影片颗粒度的sense还是非常低，大部分成人对于动画更是天然抵触。很欣喜的是，经过5年的打击，追光终于物色出了一套具有商业价值的艺术作品模型。《白蛇：缘起》无论是从受众对于IP的了解、对于国漫的信心加固再到整个电影的完成度、故事的叙述，都化繁为简，一气呵成。虽然已经离职4年，也不再在电影行业工作，但心中的电影梦一直冉冉不灭，也因为这样优秀的作品而重燃内心炽热复杂的情绪。尽管这部电影的票房可能没法那么理想，也非常祝福追光这一路收获的成绩。""嘲讽、坍塌到重建都是人生，追逐内心的光。”P.S. 从现在开始，动画档类终于值得我单独建一个“追光""的标签了。"
4,胡二,4,2019-01-15,3.5星，新白娘子传奇前传，低配版李逍遥跟陶奕希版白蛇，狐姐跟橘里橘气的小青是亮点，背景美如画，故事有点低幼，二蛇斗小道场景不错，boss最后的黑化猝不及防，期待下一部《白蛇：缘灭》
6,憨大仁,4,2019-01-12,女主咬唇妆估计是许多妹子的教科书级示范啦
3,書衣偵探華斯比,5,2019-01-16,今生情尽空悲切，来世再续未了缘。
9,张隐,3,2019-01-13,可以让形象设计总监少看点网红视频，锥子脸大长腿的看多了没啥好处。
14,周冲,5,2019-01-04,好看到爆炸。
21,L+,5,2019-01-11,良辰美景奈何天
8,五节之君,3,2019-01-14,"设定有心了。永州之野的捕蛇人，晚唐的道教崇拜和求仙背景以衔接白蛇本传500年后的故事时代。
但故事还是讲的太简单，总的来说就是唐人的早期仙侠剧风，依旧执着于人妖之别。其实既然做了成人向不如在故事上花点力气。虽然不喜欢许仙的懦弱，可男主魔改鸡汤恋爱脑也是吃不消。主人公的情感互动变化，情节转折都太生硬，配角又过于脸谱化和前后不一致。作为反派出现的国师和蛇母智商太低逻辑简单，又不扛打。
人物画面虽然感觉花了不少钱，可远景还行特写细节不够。场景也很真实好看，宝青坊的设定尤为精彩，但总体来说还是比较粗糙的网游风。人类走路的姿势诡异,动态镜头又晃得太厉害，感觉无形的画外音一直在说“我真的用心了快夸我”。而且小白的脸为什么捏得那么像杨超越2333
这是第三次吃八组安利失败，下次一定要谨慎再谨慎。"
23,瑾羲Qing,4,2019-01-11,可以无缝对接《捕蛇者说》。加上前传这个故事，突然我又喜欢上了《白蛇传》，曾经觉得许宣懦弱又负心，加上这一段，突然就变成了，两个人在爱情里为了对方都曾奋不顾身。无论他在世间何处，无论他还记不记得，我都要找到他，因为我记得。很美很美的故事，穿插的古琴声，很有韵味。还有对经典新白娘子传奇的致敬很可爱呀。小白太美太美了，青蛇是爱着白蛇的。片尾水墨画的白蛇传故事很有意思。就说一定会有八卦出现滴，国师你是阿灭的远房亲戚吗？就感觉最后到了杭州怎么画面突然变粗糙了……？二刷的我在仔细研究小白的发型是怎么梳的，感觉是可以实现的那种。然后脑内循环着青城山下白素贞，啊～～～
12,冬不贰,3,2019-01-13,这么好的技术，就不能好好打磨一下剧本？
14,披着人皮的鬼,4,2019-01-11,多给一分 鼓励外更多的是期许 人物面部细节动作虽然有进步但也肉眼可见的巨大进步空间 希望在现有的技术上 中国能趟出一条独立于大厂尤其皮克斯外的东方审美
11,鹿菏,5,2019-01-16,影片得出来主创的用心和诚意，团队不卖惨情节不作妖老老实实讲完一个故事，虽然有些地方太牵强但是瑕不掩瑜，片头的水墨效果异常惊艳，山水风景也都很好看，小白很美许宣竟然是耐看型哈哈哈哈，值得二刷！
8,子午寅丑,2,2018-12-27,《新白娘子传奇》+《青蛇》+张纪中版《神雕侠侣》+《狄仁杰》+《画江湖不良人》+《仙剑》……一次“致敬”这么多作品，导演可真不容易
15,维雪魂,4,2019-01-11,运镜够出色让人眼前一亮。剧本说不上多优秀，但尽力做到细节丰富，完成度够高，真的很让人意外。华纳动画这些年弄了那么多，没想到除了乐高系列外这部是最好的。
14,山水烟花,5,2019-01-13,"国漫的新高度。—你有什么不想做但不得不做的事情吗？
—就算命数有定，也要活的自在

—我的法力都被吸光了
—这下你再也推不开我了

人妖殊途，我就成为你好了。一晌欢情，护你一世周全。船头孤舟，浮生若梦。

上一次看这样的上古爱情故事掉眼泪，还是很久很久戏说的蚩尤和西陵珩了。"
14,汤圆看电影,4,2019-01-11,好看，既有中国古风的飘逸清雅，又有美式的简约伶俐；故事的创新也好，有旧的看点还有新的主题；不过，有些画面稍微有些不适合小不点儿呦！
11,不野,5,2019-01-16,我还想看宝青坊老板娘的片
2,蜉蝣,3,2019-01-13,一会儿古韵一会儿灾难片的画风以及古装高开衩露大腿的造型，看得人很分裂。新编的故事充满拼贴感。对战节奏紧凑超过预期，但依然摆脱不了你大我更大的直观视觉对比，多用点技能交代不行吗？总体值得鼓励！
4,kylegun,5,2019-01-18,Mary Popping蒲公英，妖塔福利嚼完松，青白百合杀无赦，星座斗阵生死别，双面萝莉怪奇工坊最高！“打妖打了那么多年，日子为什么越来越糟呢？”……《小倩》的非典型续集，开篇情感铺垫略生硬，后面怪力乱神恶趣味出来后越来越赞
6,Jerry,4,2019-01-14,看到白蛇把阿宣睡完就转身抛弃时，本以为她是个拔*无情的渣女。怎料看到后面，才发现她还有个千年备胎小青。原来是个白蛇婊…
11,michaelchao_cc,4,2019-01-11,剧作上原版故事的许仙和白娘子的情被弱化，人妖法师之间的战斗被强化。这可能是由于故事创新的时候很难平衡情感与战斗，或者说战斗没有很好地融入情感，二者有一定分离。电影在制作定位方向偏向了游戏，运用了法宝、破阵等方式推进了剧情。动作设计中也借鉴了哈利波特、古剑奇谭中对决的元素。但是，总体来说，影片的完成度还不错，原作中白蛇、小青、许仙三个人的微妙关系在这部中得到了很好的保留，白蛇与许宣的相遇相恋也有及格水平的展现，没有过于拖沓的情节，法器的作用前后呼应，最后通过前世今生的牵绊过度到了西湖断桥边的相遇。推荐能接受白蛇传改编的人看。
8,陈矮,3,2019-01-11,总觉得导演有什么不得了的见解要发表
22,一郁知秋,5,2019-01-11,"世间多的是两条腿的恶人，长了条尾巴又如何？！
不忘前世，共约今生。
中国的古代文化真的有太多值得拍的故事了。"
4,麻辣香水鱼,4,2019-01-20,值得一看，超喜欢，画面和感情线都好美的。
21,不见蝴蝶不见君,5,2019-01-12,爆炸好看啊，大家去支持下票房啊，颠覆的一版许仙宣，剧情没有那么完美但是绝对不薄弱，但是建议不要带孩子看，不合适。
4,一颗荔枝子,1,2019-01-13,漫画版悲伤逆流成河
5,坐好我要起飞啦,2,2019-01-15,画面很美，配音老师辛苦。一星画面，一星配音。神仙剧情，随时都要谈恋爱。哪管那洪水滔天，天地八荒，三生三世，只为你一个回眸。牛笔！
2,mysticark,4,2019-01-19,画面和音乐都做得非常不错。剧情上存在未解释清楚的地方，中期转折后的情节显得有些混乱。不过对于国产动画来说，这已是值得肯定的一部作品了。
15,英年早睡,2,2019-01-11,除了战斗场面的分镜与人物动作的捕捉做得十分好之外，基本上都是随便拿起来可以吐槽的。人物面部像打了玻尿酸苹果肌的杨天宝一样，所以就是动作很真人，整体上来就是一股违和感的假。还有一种大家已知的生物——蛇，怎么把它改成猫科动物了？摆出震慑状就靠吼？蛇是吼的吗天啊！剧情就更是槽点一箩箩，失忆就算了，为什么恢复记忆是因为看到一个跟自己毫无关系碑文？你要抛出仙剑赵灵儿的命题（妖是天生就注定要被消灭吗？）就算了，为什么立了命题接上的是滚床单？第一次使用会飞的伞就已经操作自如？一支发簪能支撑一个人的重量？被吸光法力的小青是如何逃离最后那个阵的？打完boss才清小怪这个逆操作我也是服！篇幅有限不一一尽数，整体来说，这是一部不合格的电影。
6,○Ⅴ○,5,2019-01-12,前世的许仙透着一股迷人的侠气、目睹白蛇真身后痴心不改，不惜化妖；并且在每个副本中出心出力，很多时候起到了关键性作用。这个“许宣”强行篡改了今生许仙的人设，可是也弥补了许仙全部的不足，满足了观众对大男主的期待。至少我对这个改动相当满意。美术和画面也值得称赞，每帧都可以截成桌面。
4,Squidward,3,2019-01-20,国产动漫真的太爱构建一个庞大的世界观 然后无可避免的不是顾此失彼就是解释不好 用大托小在我这不是很讨喜反正 被吹过头了 期望自然高 观感无可避免的差 口型有硬伤 蛇皮的材质也太闪太滑了 看到最后我的眼泪依旧不值钱
6,晓风明月,3,2019-01-15,画面值得肯定，但是剧情是硬伤，配音也不行，太尬了，俗套，完全不能让我有代入感。这部电影很多方面都让我感觉有模仿泰坦尼克号，包括男女主身份地位差距大，包括男主性格还有最后男主保护女主的一幕，和泰坦尼克号太过类似，然而画虎不成反类犬，它不能像泰一样让我感动，只能说导演和剧本功力还差很多。而且男主这样的人设照理说会很吃香，可是整部电影看下来我只觉得男主是个傻X，时时刻刻都在装逼，越装逼越傻X。不过电影刚开始女主梦境的水墨风很让人惊喜。和心里预期差的有点多，看完明白了票房不行不是没有理由的，追光要是再不用心打磨剧本emmm，还有，可不可以请好一点的配音啊。最后，多给一星算是支持国产动漫电影吧。
13,parachute,2,2019-01-14,尬死我了。
15,青青雫崎,4,2019-01-13,中國動畫片就得這麼拍，除了男女主的愛情動作戲有點突然，值得稱讚的是諸位配角，每個都活靈活現的⋯⋯
1,T.V.Zoe ி,3,2019-01-20,故事没讲通 也就那样吧  挺花心思挺认真 但还是一股子我最讨厌的国产动画的网游味儿  女主是按着陶奕希捏的吧  男主是按着单眼皮金城武捏的吧 但这种差距就像「青城山下白素贞」一起 才觉得正版上线了
16,讽辞阿嘎,5,2019-01-11,"五百年前你叫小白
他叫许宣
缘起五百年
缘续五百年
前世今生
生生世世
今生你叫白素贞
他叫许官人
PS：中美合作，故事主线、画面风格超级出色。爱情、打斗、妖术、五行、萌宠、CP等元素全有了。
期待更多中国民间传说、神话故事焕发新光芒"
9,鲁大师,2,2019-01-15,剧情太水
12,遇见优秀的自己,5,2019-01-13,惊艳，值回票价!画风上来说我第一时间想到的是接近《秦时明月》，场景和人物都做得很逼真，打斗设计的很精彩，没有做成3D版可惜了。故事内核还是老故事，但是也有创新，我看到了500年前许宣对小白的痴情，犹如杨过对小龙女般痴情。无论你是蛇是妖，哪怕你变成白巨蟒，我爱你如初；你说，你我人妖殊途，注定不能在一起，那我就自愿出卖自己的精元，化为最低等的妖精，这下好了，我也是妖怪了，小白你没有理由甩掉我了。天罗地网，生死瞬间，我以单薄的身体替你挡住飞来巨石，而你，在最后拼尽全力用法器留住我的魂魄。五百年后，西湖断桥之上，许仙追上去说“姑娘，你的发簪掉了”，小白回眸，情意绵绵地说“谢谢官人!”😊😊😊
8,turbine,3,2019-01-05,总感觉宝青坊主小狐妖似曾相识，最终恍然大明白，三国杀董白！
1,张苑希,3,2019-01-21,美术设计和视效场面的确精致唯美，但这种俗气的一见钟情网文式爱情实在让人吃不消，剧情薄弱节奏沉闷转折生硬，基本上可以当做白蛇传的前传看。ps.不管在任何有关白蛇的作品里青蛇对白蛇的感情才是最真挚的啊！
7,WallE,2,2019-01-18,捕，捕蛇者说？男主脸就是一般武侠剧男主的脸，女主脸就是网红脸，看一次忘一次。剧情乱七八糟，毫无逻辑可言，除了画面精致，优点乏善可陈，所谓成人电影不是女性裸露身体，说话吊嗓子就是成人电影。带着期待去，看到一半只想刷手机。
3,Camellias,1,2019-01-21,爆米花电影，比变形金钢5还不如。一年都看不来几部烂片的我这次也算走眼了，被宣发忽悠进了影院。
1,乌鸦火堂,4,2019-01-20,追光动画最好的作品，其实也是被安利才看得，因为追光之前的作品全看了，对他们家有点灰心了，所以才刚看，还好终于起势了。画质不必多说，追光一贯的高品质，道具、场景设定是东方神韵，特效场面则是偏于西方。故事难得顺畅了一次，也很动人，结尾致敬断桥白娘子。台词一般，女角色人设都很好，男性角色相形见绌。许宣像胡歌，小白更像邱淑贞，小狐妖貌似圈粉无数
16,喵喵喵,5,2019-01-13,讲真，在结尾之前，应该是4星，但是片尾熟悉的音乐响起，泪又不争气流下来〒_〒，全场都一直坐着没人走……好吧居然有彩蛋……我还以为都是跟我一样听歌的……
22,在下李慕白,5,2019-01-11,“世上多的是两条腿的恶人，你多一条尾巴又怎样？” ，小时候看出的是其中的爱情，现在看来最打动的人的是其中困扰着无数人的身份认同了
3,空山,3,2019-01-15,"1.追光，仍然战斗在浪费团队和技术的第一线。发下毒誓，绝不做出好故事，谁先做出来谁TM是王八蛋。
2.前40分钟，精力主要用在对抗角色面瘫、眼神空洞、口型混乱、硅胶质感、漂浮不定所带来的不适。后一个小时的打戏真好看。师父的大锅饭练功法也有点意思。
3.确实成人向，裙子开叉到大腿根、衣衫撕破露出半圆乳房，还加了亲热戏。最可怕的是宝青坊老板娘，孩子身形，袒胸露腿，很不适啊！所有的性相关成人内容都令人不适。"
1,贾小年,4,2019-01-19,开头和结尾太过惊艳，以至于可以忽略掉故事推进中的一些中二元素。（希望反派人物塑造可以更立体一点
1,birds,3,2019-01-17,比之大圣强很多，视效很花，故事昏昏欲睡。
8,Yukip,4,2019-01-05,在国漫里水准算不错的，让我想到了去年的风语咒，其实算还可以的，多加一星支持一下!
15,[已注销],5,2019-01-11,画面很精致，水墨风格极其唯美。人物性格鲜明通俗易懂，故事是白蛇传的前篇，相当于原创剧本。是一部值得推荐的好电影。
1,向简,4,2019-01-08,老故事已经板上钉钉，能发挥的并不多，角度好，在＂当年救了我＂的孔隙中凿出大情节。把许宣和白娘子写成了杨过和小龙女，致（借）敬（用）泰坦尼克号结尾的点睛之笔。千回百转让人怀念的永远是相遇和相爱阶段（前相处时代）。叙事并不输于花木兰和功夫熊猫之类，主流但不乏味，巧妙回答了＂美色在爱情中地位＂的天问，可以看作爱情寓言——因美色而起，凭痴心续航。髪簪是信物，记忆是信仰，梦是点题。人往往这样：初看美梦，觉得自己也行，于是自命不凡、嘲笑俗事；然后自己成了俗事，反过来笑美梦幼稚。成为俗事是必然，但分主动沦陷和被动沦陷；有的人弄潮很享受，有的人弄潮很被动；最惨的是不想弄也弄不好潮但只能被漩涡甩得七荤八素不人不鬼的人，这些人看到当初的美梦，除了内心一声惨叫，又能如何！呜呼！
0,海狸狸狸,4,2019-01-17,画面很美，特效很好，故事也很不错。果然是中美合拍，能看出来美国电影的影子啊，哈哈。并不是给小孩子看的动画片噢！最后还无缝衔接《新白娘子传奇》啊。
7,突然粉碎,3,2019-01-11,迄今为止最好的追光动画盖章，白蛇传果然大IP，以为青白许仙的故事看得足够多了，实际上还有很大的开发空间，故事完成度和画面渲染都很满意，剧透预警：《冰雪奇缘》《泰坦尼克号》《新白娘子传奇》爱好者不要错过
9,萧玄清,4,2019-01-13,"7.5，我的马鸭，一个大老爷们硬是给我看哭了
人物形象还是太好莱坞了，男主没有记忆点，女主美得很普通，不过女配的脸我还是蛮喜欢的
情节很简单，不过切入点蛮不错的，期待下一部
故事里面有许多小心思和新意，挺不错
宝青坊最佳，期待番外篇
打斗凌厉，很帅很爽
道士难道只能跟鹤有关了吗？太死板了8
PS:记得带纸巾"
8,予己一书,4,2019-01-12,完爆大圣几条街。画面非常美，但是打斗跟开玩笑一样，蛇精boss跟国师没露面时感觉真牛批，但是还没干两下就趴了，跟漫威宇宙高潮打斗时一样闹着玩似的。本想打三星，但是结尾断桥遇许仙画面太美加一星。
0,SingLesinger,4,2019-01-19,结尾断桥二人背影的发型简直iconic，前面的叙事其实很普通，一些二次元的软色情元素国产动画中还是很少见。
2,灼灼裴质,4,2019-01-17,剧本完成度很高。缺一星在于，我没有哭，也没有笑。
4,Favillae,3,2019-01-17,反派国师师徒都是雷声大雨点小讲排场死得快，失望。剧情总体挺低幼的，小学生网文水准。
0,水怪,3,2019-01-20,唐末屁民苦于抵税，然后就宋朝了…
0,Homo sapiens,4,2019-01-18,前半部分非常惊艳，一度想给五星。直到把人变妖有点开始不对劲，后面立即审美疲劳。总之，中美合拍两开花，可以一看！（
6,何小辅,5,2019-01-14,不一样的白蛇传，以为是瞎改，最后居然能够和传统的白蛇传承接，惊喜
0,离桑,4,2019-01-15,8
3,盲忙,3,2019-01-12,还不错的改编，想看徐克拍真人版。
6,HandWash,4,2019-01-13,结尾好加分呦
1,殇潮|Enigma,3,2019-01-20,太成人了吧……人家还是个宝宝
4,党委书记,3,2019-01-11,"比大圣归来强100倍确实。
但是，四连扑预定，追光顶住！不要倒闭！卫星吧需要你们，手动滑稽。"
4,梵目,2,2019-01-16,动作戏有莫名其妙的逻辑性BUG，显得很假，故事具有连贯性，也有不少小高潮和冲突，能够提高可看性，但剧情上依旧比较老套，没有新意，可能成人化是最大的吸金噱头。
4,舒心酱,3,2019-01-11,许宣是李逍遥性格，纯爱人设。打斗场面有些地方很失控，汪好可爱呦，奶萌奶萌的但那个大叔配音是怎么肥四
4,Rickest_Rick,3,2019-01-14,不带情怀加成，不谈“支持国产“，那也不失为一部不错的动画电影
3,五星级大飞鱼,5,2019-01-17,给白蛇的团队 活下去的希望，国产的烂片都能给到五六亿的票房这个怎么就不行，喜欢凑烂片的同志们长点心吧。
0,玥玲,4,2019-01-18,期望有第二部。
3,夜间飞行,1,2019-01-14,李逍遥的造型适合任何古装片乃至…动画片
0,冰仔,4,2019-01-19,有几段动作有点僵，难得的是全片几乎都不尬，甚至有点感动。最重要的是，中美合拍的电影终于上映了！……开花，开花。(那狐妖也太少儿不宜了吧！)
2,-李庆宇-,4,2019-01-22,看完三句话记得特别清楚。人世间两条腿的恶人多了，长条尾巴怎么了；八荒四海总有我们的容身之处；来日方长来日方长来日方长。（都是在概率里偷生，哪有什么来日方长，我最不信来日方长 ）
0,dum没头脑,5,2019-01-17,有画面 有构思 有故事 对于每到放假无限循环看新白娘子传奇的我简直意义非凡
13,功夫兔子,5,2019-01-11,美极！美极！国漫巅峰！太美了！细腻唯美！光看画风就够了。另外这次我第一次观察了一下动画人物的口型。
14,万古,5,2019-01-08,唯一让我不满的地方就是那条单身狗，导演你是在暗示什么！？🙃
0,痞子老九,4,2019-01-20,鼓励性4星，画面与故事题材上的突破，都在国产动画电影里算得上亮眼。只是动作打斗方面显得太“快”了点，很多时候感觉是为了缩短时常而故意放快了，让人有点目不暇接……这一点，体验实在不咋滴～
4,gwei,3,2019-01-06,前半部分，画面超美，后半部分 所有国产动画的通病！灰暗 凌乱！
2,Aboo,4,2019-01-13,既有船，也有船戏的《白蛇》前传，故事颇有当年王祖贤演的那些神神鬼鬼港片的风味，看着亲切。细节上也是有些小灵光的，比如佛像的眼泪不过只是解冻后的水汽。男主这个长相，我没猜错的话应该是唐人签约的艺人吧。鼓励鼓励，票房应该会随口碑走高，不过有点可惜不是农历蛇年。
5,yunduan,5,2019-01-13,国产动漫能有这样的水平确实难得，阿宣舍身救小白化身冰人的桥段有种泰坦尼克的感觉，结尾音乐响起，各种回忆……
2,BLAKE,4,2019-01-13,技术过硬，故事略微单薄了点，阿黄应该是最憋屈的配角了。
1,levitating,3,2019-01-15,国产动画进步真是神速哇！最后大战睡着了，果然特效片的打斗戏一向是我的催眠剂。男主挂的时候，满脑子闪现泰坦尼克号……
0,超人叔叔,3,2019-01-16,华纳摆在那里作画的品控没得说 作为缘起也算过关的前传故事了
15,岁月静好,5,2019-01-13,和我妈一起去看的，本来我妈说看大黄蜂不看动画片，我不干，我说为国产动漫崛起添砖加瓦！当真是没辜负我的期待！看完我妈也是非常满意，直呼太美了！等了小半年，从微博上看到预告片开始就在等着了！白蛇传是我们从小就熟悉的故事，但是和《大圣归来》对《西游记》的改编不同，《白蛇缘起》是《白蛇传》的前世故事，女孩子总是会喜欢这类前世今生情系三世的故事，剧本非常棒，特别唯美，结尾里面小白看着阿宣的魂魄清唱《何须问》的时候我真的哭了！
0,男娼起义,3,2019-01-16,阎魔友情出演了
5,血天,3,2019-01-17,节奏乱七八糟，爱情莫名其妙，我们好好铺垫不好吗。前半段再多点时间，把线理清楚，人物动机，情感好好铺垫，会好很多。以至于看到最后都觉得小白和阿宣的感情太过于仓促，师傅，小青的动机缺少点什么重要的推进因素。不过后半段倒挺好的，节奏比前半段好太多。很多设计看出来话了心思，比较亮眼。不过看完以后，很难记住有什么吸引人的地方了。
7,韧者,4,2019-01-09,"虽然好看，但比不上阿唐奇遇、小门神、猫与桃花源，故事太简单，除了爱情，没啥多余的内涵！看阿唐奇遇、小门神、猫与桃花源，能边看边思考，看白蛇不用带脑子（解读人性也说的过去，但没必要），适合放松看一看，不用带着鉴赏去看！
对了，里面的音乐值得鉴赏！"
0,Dita,3,2019-01-17,"新白娘子传奇是童年回忆
青蛇是港片记忆
于是去看了部国产动画电影
上次看国产动画还是大圣归来
没有吹的那么神
也没有那么差吧
三星吧
画面确实不错
但是故事情节还是蛮突兀转折的
下面有剧透

最好笑的是许宣为了要和小白在一起
去变成了妖 长出了他狗狗的尾巴
我也是醉了
我以为我在看奇葩说呢
辩题是“伴侣变性了你怎么办”
当时就有个奇葩说 我建议你也去变个性[皱眉][皱眉][皱眉]
真的是爱上了妖 人妖不能一起 我建议你也去变成妖
这是什么沙雕操作😝😝😝
笑到昏Gucci

最后不止致敬了这两部🐍相关的经典作品
感觉还cos了泰坦尼克号哈哈哈哈哈
不行了 这一锅中美乱炖
我干不下去啊
不过确实原创内容太匮乏了
这种翻牌过各个版本的大ip还要拿来继续拍
看到结尾应该是不出意外还有下一部吧"
0,绯色_神仙,3,2019-01-13,很多设定都挺有意思，特效不错。
0,影中世界,4,2019-01-19,真的很好看啊，制作精良，最主要的是画面真的很美，场景方面下了不少功夫。作为一个家喻户晓的国民IP，能够抛弃耳熟能详的许仙与白娘子的故事转而讲述两人前世缘起的故事就很有新意了，虽然爱情部分来得太突然，但是两人分别的时候还是被感动到了。结尾的歌一响，立刻又回到了那个熟悉的年代
14,一里独行,5,2019-01-09,当片尾曲响起，竟然有点想哭。白蛇不管是人还是蛇，造型都美到爆炸！国产动画的画面可以说是越来越漂亮了，剧情前半部分非常不错，后期决战有些混乱不过瑕不掩瑜，走出影厅就已经开始期待续作了，希望国产动画越来越好
2,咕噜咕噜吹泡泡,4,2019-01-15,故事情节特别流畅，各种中国元素以及人设都没毛病，看着白蛇传长大的我表示非常棒！！在票圈夸了一句，一个人说一看就是老外审美加国内网红审美，另一个说中美合拍文体两生花，是是是，人家华纳都承认了是合拍，到了国人眼里就都是他们美爹的功劳，魔障的人真够多的。好像现在喷国产是政治正确吗？？这样的作品不值得骄傲？？
0,黑特007,3,2019-01-17,★★★☆，不是低幼向但kiss也太突兀了……人妖的本质是吸精机……半人半妖的蛇精是最好看的，配乐喜欢，尤其结尾转世太好看了，优缺参半
2,宅拾叁,3,2019-01-12,追光一贯的老问题，大投资却把宣发作的非常烂。但质量还是有一定保障的，故事上还需要在打磨一下，尤其是反派的人物刻画。蛇村建模很美，就是人物网红锥子脸还没啥表情，唯一见到的就是开头的川字眉。裸背那一下满场家长捂小逼崽子们的眼睛，看之前不了解一下成人动画吗。
0,化熊出爪,4,2019-01-14,人设太disney类型化，你说白素贞是迪士尼公主毫无违和感、8.1 比海王还高迷醉、
0,夜潇狂,4,2019-01-16,新千年第一部PG-13级国产动画？
6,湛卢_读书,4,2019-01-12,"技术很强，故事太不圆润了。
被 ntr 即视感的青蛇和看起来是人但是弹跳能力惊人的许宣。
在调用观众情绪和情感方面还要多下功夫，很多桥段非常莫名其妙。打戏很多优点过满了。"
0,麦小白,4,2019-01-15,来世再续今生缘，让那情意永缠绵。/技术保持在线。
10,寒寒,1,2019-01-20,只有我觉得有点辣鸡吗。。。白蛇梗真的已经腻腻的了，人物形象还延续烂大街的花木兰脸，白蛇青蛇单看五官分不清谁是谁，情节发展莫名奇妙，莫名其妙的刺杀莫名其妙的爱情莫名其妙变妖精，女大魔王刚说完全杀还没杀几个又任性地要吸精。。。另外到底是白蛇还是白龙啊真是画蛇添须
5,飞侠式拼搏,4,2019-01-05,"缘起，白蛇和许仙爱情故事的缘起。这次聚焦了白蛇和许仙的前世因缘，探寻两人今后为何相爱的原因。熟悉的人物，新的故事，有笑点，有泪点，值得一看。
画面细腻很美，令人惊艳。视效，场景，造型，动作等技术都是国内顶尖水准。情节略弱，国漫依旧不太会讲故事，但值得期待。
人世间多的是长了两条腿的恶人，多长了一条尾巴又有什么呢。国师的屠杀是为了自己的修行，而许宣则拯救了全村人，善恶从不只看外表。
“无论他在世间何处，无论他是何模样，我都要找到他。因为，我记得。”西湖桥上片尾音乐一响，满满的童年记忆啊！
长着一副网红脸的小白，到底是白蛇，还是白龙？
片尾有彩蛋！不会等太久，那首歌听着听着就到了。"
13,yoda6sa,5,2019-01-14,坦白来讲该作算是目前为止中国大陆最优秀的3D动画电影，人物建模和场景设计十分唯美，剧情也多多致敬了《青蛇》和《新白娘子传奇》的经典片段，结尾的彩蛋也能看出追光动画是有野心将其打造成旗下的经典系列；然而，也许是电影时长的问题，故事情节的多次转折有些生硬，动作特效略带生硬，BOSS战更有点掉帧......总体评价：唯美，但缺乏些灵动~国漫之路绝非一天两天能探索发展完毕，接受建议，多多鼓励，望国漫越来越好！
0,海盗豚,5,2019-01-16,近年最爱的国产动画片！连风语咒我都爆灯了，这部没理由不爆灯，全程看得很舒服，哭的很舒服。另外，我个人好像代入的是男主，跟蛇妖谈了场恋爱，荡气回肠的，现在有点累了。
0,淹然,4,2019-01-19,徐克式的视觉想象，新白娘子传奇的情怀。
4,从来都是蘑菇酱,2,2019-01-12,何须问，浮生情，五百年后，再续前缘，一时欢情，抵过千年修行，一夜欢愉，轮回百年仍记得，爱情的魔力，让人化妖，妖变人，几世不悔。
7,劼__x,5,2019-01-11,"非常好看
高能预警
少儿不宜
故事讲得不错"
