5547,凌睿,4,2018-12-20,"ofo小黄车濒临死亡之际，查莉继承杨永信衣钵，使用“电击疗法”使其死而复生，和TF男孩（Transformers）上演变形金刚版《水形物语》。爱如潮水，它将你我包围。
导演：幸亏拍得不错，不用回去继承亿万家产了。"
3351,李不言,2,2018-12-22,可能我太老了，已经完全失去了孩子的纯真，我惶恐地发现我已经无法欣赏这样的电影。因为我要看的是一群假装自己是孩子的大人过家家（里面没有一个真正的大人），这让我觉得有些脸红。而像《变形金刚》这样的系列电影，最终也成功地将电影变成了一种比肥皂剧还无聊的东西。电影并不是不可以幻想，不是不可以肤浅，但是在幻想和肤浅的前提下，为什么还无法呈现一些独属于电影这种形式才能收容的超越想象的东西？这实在是太让人难以接受了。既然都有“高等外星机械生命”“外星球大战”这样听上去就很炫酷的设定和背景了，为什么还要让我们看一个小女孩与她的外星宠物的故事并且假装自己乐在其中？片中小女孩查莉和宠物大黄蜂都在拼命对抗全世界，但我感受不到他们的“挣扎”，一切都是儿戏，所以我也不会在他们打败坏人后拍手叫好，我宁愿看他们俩谈恋爱。
1663,桃桃淘电影,4,2018-12-14,7分。耐克公子看样没法回去继承家产了。更像系列重启的一部，尤其是从形象上，更贴近回忆的样子，而不再是卖拷贝那种完全分不清谁是谁的一堆扭打在一起的铁。。。这一部娱乐性很强，有很多轻松搞笑的部分，大黄蜂主打萌宠狗狗设定，跟女主的互动总是萌和暖，整个一陪伴型机器人。另外，结合导演上一部动画片，缺失的父亲以及父亲的替补形象也算是作者标记了。以及，80年代的复古风和怀旧音乐真是这几年大片的主流啊！
1192,同志亦凡人中文站,3,2018-12-12,没有了卖拷贝的狂轰乱炸后，特效和剧情都节制了许多。能把变形金刚电影拍成少女成长日记，派拉蒙和腾讯影业是卯足了劲想收割女性观众群啊。Bumblebee真的是太萌了太萌了太萌了，到最后已经分不清是大黄蜂还是小黄人了，试问哪个妹子不想拥有这样一只乖巧的赛博宠物呢~~~
639,河狸,5,2019-01-04,撸猫撸狗都弱爆了，撸铁的妹子才是人生赢家。
595,鬼腳七,4,2018-12-14,忠犬大黄蜂和男友力max大黄蜂随意切换还是挺萌的，满满少女心的一部变形金刚。小支线不够到位，但是已经比爆炸贝的后几部好太多了。失声→收音机的设定很巧妙，亮点之一。
654,鱼龙舞,1,2018-12-24,"情节不流畅，拼凑感很强，不和逻辑的地方太多，感觉是想到哪儿就拍到哪儿。不管是动作场景、煽情、幽默的部分，还是表现家庭关系、友情羁绊，都很乏味，充斥着老旧的套路之感。大黄蜂在前半段就是挨打卖惨的卖萌奶狗，后半段恢复记后就是大杀四方拼命护主的苦情忠犬，片名可以改为大黄狗。人物角色都单薄无趣，想讲讲家庭关系的转变也没讲清楚，军方儿戏的表现更是令人瞠目结舌，结尾打败敌人，更是强行和女主角破除心魔联系上，弄得莫名其妙不伦不类。所以不用谈内涵了，这部电影连好莱坞爆米花片工业的平均水准都没达到"
492,阿暖,3,2018-12-19,可能大家对这个系列的预期真的是已经到了只要能看就立刻满分鼓励的地步
489,韦斯安徒生,3,2018-12-18,"我算看出来了，如今的好莱坞大片，但凡把80年代流行文化拉出来溜上一圈，就能大获好评。
影片的成长内核，在40年间已被作品讲烂，这个时候再拍一部没有哪怕丁点新鲜表达的大黄蜂版【ET】，真的有任何意义吗？
影片文本尤其糟糕，角色的关键行为大多只是为了剧情需要，丝毫不顾逻辑合理性，每个角色都仅仅是编剧的提线木偶。
为了让大黄蜂失语，强行让闪电搞坏了他的语音系统，你们见过审犯人对方还没开口就把犯人舌头割掉的吗？
为了让女主突破心理障碍，强行让她跳水救大黄蜂，然而这一动作除了完成人物弧光几乎没有实质性效果，两人对视一眼就从水底游上来了。
片中还有大量像这样动机不充分or无效果的角色行为，它们的存在都只是“剧情需要”。
这样一部亮点乏善可陈的电影，就要因为角色造型还原了动画，便让一群人捧上天？简直可笑，实在悲哀。"
358,巨米雨,4,2018-12-20,这是宠物电影啊，我的妈，我拒绝看宠物片还是没躲过大黄蜂，回家抱着狗哭泣，妈妈爱你（？）
356,大蒂茎蕾,1,2018-12-24,难看到我甚至有点想念Michael Bay。
348,Eveyのn个晴天,1,2018-12-17,烂番茄100%也真的是会骗人的！！！我敲nm被“变变系列最佳”虎得一愣一愣满怀期待去看，然后笑容逐渐消失呵呵呵（｡ӧ◡ӧ｡）。太狗血了吧！莫名其妙死了，槽点之多之俗不知道从哪说起，最致命是应该作为全片最核心部分的女主和大黄蜂的“羁绊”说服力太弱，完全无法让人共情。而且这么多刻意卖萌太消费大黄蜂了吧！人家好歹是个战士不是宠物好么？富二代导演瘾过完了回家好好继承千亿家业吧ok？我的天啊花了多少钱给了多少影评人把这部玩意儿这么吹上天啊？？！
326,渴望摄影之人,2,2018-12-22,请不要再出这种电影了。
213,荆棘,2,2018-12-24,果然还是魔弦传说的那个少爷导演…但是去电影院看变形金刚的人想看一个半小时的感情戏然后打10分钟？！不懂为什么有一颗文艺心的要拍这种题材，然后用不美的女主和没完没了的文戏折磨观众。说实话之前大黄蜂的适度萌很讨喜，但过度萌就真的有点腻歪。
163,乌鸦火堂,4,2018-12-15,首映，4星，变形金刚的壳，铁巨人的核，新导演风格大变，几乎成为萌宠电影，温情和诙谐为主，大黄蜂卖萌+功夫高手，打斗不多算养眼，远谈不上狂轰滥炸，就一个小品剧。但拍得还不错，耐克哥是真爱粉，就为了赛博坦之战的CG，就为擎天柱和多位汽车人霸天虎的G1造型，还有那首《the touch》，情怀燃爆，比卖拷贝那堆破铜烂铁强太多！加分！
173,子午寅丑,4,2018-12-21,导演要拍续集了，请问耐克还缺继承人吗？
166,豆豆评影,1,2019-01-04,不管你腻不腻，我反正腻了
184,在熙,1,2019-01-04,片名可以改成18岁少女青春日记，除了前5分钟后面都是一个少女的bbbbb，全程都是尿点，毫无爆点，变形金刚重启就这么毁了。
126,焚紙樓,1,2018-12-28,上一集太少變形，這一集太少金剛。既然復刻不出第一集的莊嚴（是的，柯博文在眾車圍陣下聳立大地的一景能以莊嚴名狀之），何不把G1風大戰多拍一百分鐘？
101,私～川流,4,2018-12-22,比变4也就好看出一百个变5。//大黄蜂，原来你是这样的小可爱，开心的时候还会晃脚丫。// 做为表情最丰富的汽车人，又是fast car，本片过后大黄蜂玩具估计会人气爆棚；因为男孩女孩都和大黄蜂很搭，这样家长就有借口给他们自己买玩具了。
131,rune1121,2,2019-01-04,我和我的宠物的故事。不说很烂，但是非常平庸的作品。汽车人是不是离开人类的饲养就无法独立生存？？一而再再而三削弱变形金刚的存在感，变形金是金属生命体的传奇，而不是哆啦A梦！！要知道，真要想体现跨物种的情感纠葛，必须要有直指人心的剧本，缺少好的剧本，你把大黄蜂当狗拍，也不会有共鸣！怪不得这片票房在所有市场都异常惨淡。反观国内各种刷情怀刷萌宠。你说不好看，那就是喜欢爆炸贝，也不知道这黑白二元论谁想出来的。。。这本来就不是特效片，其实去掉片酬比海王 碟中谍还多的投资了，这样特效你是坑了多少钱？说是剧情片，这么低龄的剧本好意思说自己是剧情片，那小猪佩奇 汪汪队也是了。退一万步，真是剧情片，是我们不识货，丫预告片干嘛把能放的打斗镜头都放进去了，算是诈骗吧。。。但是一想是腾讯爸爸投资的，预祝国内票房一枝独秀
95,喵尔摩丝,4,2018-12-11,ET+瓦力+超能陆战队+壁花少年(啥？)+水形物语(嗯？)Travis不愧是动画片小能手，把变形金刚都能拍成萌宠。少女和大黄蜂在自我修复的路途上成为旅伴，是彼此最好的运气。还蛮意外一部漫改电影能把重心放在情感上，娓娓道来的成长物语残酷却也不失温情。真人角色没有哪个是脸谱化的、非黑即白的，各自都有人的温度和人的弱点，这也让整个故事的推进十分合理，单这点就非常难得了。
118,何处不挨刀,1,2019-01-04,卖萌都是鸡贼的表现。片名应该叫《青春期少女与她的二逼电子宠物》或者《重生之我是大黄蜂》。既然是变形金刚了那么我就是想看大电影里大哥间用激光斧和流星锤互殴，把开头的两分钟乘以20最好，真希望剧情是开头十分钟赵喜娜把大黄蜂打成齑粉，然后擎天柱黑化率领汽车人联合霸天虎对地球展开血腥的复仇，美苏放弃冷战携手击退外星机体维护地球安全，最后里根和戈秃在擎天柱和威震天的头做成的办公桌前握手宣布世界和平。
97,魔人究究,4,2018-12-27,丧逼看了会微笑系列
89,Reaper,4,2018-12-05,和卖拷贝那些比起来，真的太优秀了。很old school的作品，情感描写足够细腻，大黄蜂很萌。
94,西楼尘,3,2019-01-01,大黄蜂饲育指南：平时假装乖巧，性格比较火爆，不喜卫生纸，偏爱臭鸡蛋。吃住不挑，乐品不好，时而调皮，有仇必报。听歌口味刁钻，没事喜欢乱跑。头脑简单，四肢发达，不易进水，无需保养。严禁与宠物留在家中，远离沙发电视，穿鞋尺码较大，烤漆成本较高。爱说话爱卖萌，斗得过霸天虎，装得了小绵羊。
71,阿德,5,2018-12-28,超出预期的好看，相比一出来就开干的机器人大战，还是喜欢这种充满温情的故事，有点《外星人ET》的意思了，配乐也很好听，准备IMAX再刷一遍。
68,皮革业,2,2019-01-04,把大黄蜂拍成了大金毛，内核相当于直接发录像带的宠物电影。80s元素堆砌出廉价的贩卖感，一水hair metal、new wave、synthpop原声感觉是和《头号玩家》一块批发来的，另外大片界的朋友能不能放John Hughes一马，致了敬的糟泔还是糟泔。桥段的陈词滥调也足够凑成半本伊伯特的毒舌词典。两颗星的感情分全给复原G1开场的赛伯坦之战，还特别短，千万不能迟到……
79,Pegasus,2,2019-01-04,我希望剪掉所有有人类的部分 我只想看塞伯坦星球以及变形金刚们互相对锤 另外 类型融合这个事要做的巧妙 青春期的女生和变形金刚这俩个东西很难放在一块 类型不同 不要硬融 很尬
60,法兰西胶片,3,2018-12-11,6.5。一开场就流泪系列。同时也是，开场流完泪就冷漠脸系列。虽然美术回到G1时代（其实也不彻底），但剧作思路还是摆脱不了卖拷贝，反派的战斗力还有人类的战斗力逻辑依然混乱，并且大黄蜂什么时候能不做家宠啊请问？把家搞得乱七八糟也是第二集就拍过的啊。又想可爱，又想英姿飒爽，可是对暴力和卖萌都那么娴熟，性格是令人怀疑的。还有最可怕的电击复活，这桥段看得人想再立刻死去。到头来，最成功的角色，其实是那个弟弟。
73,下雨天的小狗,5,2018-12-21,耐克帝国要无人继承了！大黄蜂讲了一个很棒的故事，首尾呼应细节很赞！各种八十年代的痕迹！
47,Castor,4,2018-12-20,How to train your Bumblebee to be a puppy
46,施舍翅膀,5,2018-12-14,"不知道怎么吹《大黄蜂》太一般的吹法都会显得矫情，这样吧：
如果《大黄蜂》在2018年上映，那这就是我的2018年院线最佳！！！没有之一！
变形金刚系列首部独立影片，本以为是“卖拷贝”把这个蹂躏成渣的大IP榨取最后一滴价值，实际上完完全全彻彻底底地远超想象，于我是超越《头号玩家》的致敬神作！80s脑残粉光听歌都频频泪奔，我想拿着放大镜一个像素一个像素地找他们房间的细节彩蛋，还致敬了一众老电影和世界名画…吹不完，无数次鼓掌流泪，只想对导演和编剧表白！
GENIUS！！！
BRAVO！！！"
38,Strelizeia,4,2018-12-26,bumblebee应该推荐给所有女生去看，因为这样的恋人未满的说，关键话少、热爱音乐、会听你指挥、有男友力☜视你为第一位（确认拯救🚗人 任务之前）[机智]
32,王大根,4,2019-01-04,简直可以说是《成长边缘》的科幻版续集，《变形金刚》被做成青春喜剧倒也算别有风味。外星高级生命宠物化的时代看来已经全面来临，以后就算异形蹲在地上伸爪子摇尾巴我也不会觉得奇怪了，不过这种设定对我来说就相当于韩剧第一集男主角必须脱衣服洗澡一样，一面大翻其白眼一面又看得津津有味……
32,SleepWalker,4,2018-12-28,7。风格完全区分卖拷贝，最不像变形金刚的一版变形金刚电影，把它当成夹杂了科幻元素的青春片、家庭片看可能更合适。大黄蜂什么鬼，完全是大黄狗，忠犬属性逆天，也是目前为止最讨好女性观众的系列作。略过羸弱的故事部分，本片80年代风还原得不错，服装道具复古味浓，还瞅见了《怪形》的海报。最满意的一点是这部可能贡献了系列最佳的格斗场面，虽然登场角色系列最少，但开场从塞博坦延续到地球的两段格斗戏和最后一挑二都设计得漂亮，干脆利落。所以不管本作票房和口碑最终如何，我觉得耐克公子还是暂时不会继承亿万家产了。
42,寶寶,5,2018-12-20,大概是最催淚最溫暖的一部吧..大黃蜂「死掉」的時候你甚至可以聽到電影院裡面那些小孩在喊「No～～～～～～～～bumblebee noooooooooo～～～～～～～～～～～～～～～」的聲音
39,饮歌,4,2018-12-21,"很高兴看到这个系列回春了！故事饱满、细节充沛，加上一流的特效和绝对值得收藏的配乐，让人找到了11年前看第一部时的激动和兴奋。导演不愧是拍动画片出身，天马行空的思维果然复活了大黄蜂，so nice to see you again, BumbleBee!"
34,亵渎电影,2,2019-01-07,看完了真的是懒得来豆瓣吐槽，公号那边写写就算了，有什么可说的呢？把《大黄蜂》拍了少女养成系的“小黄狗”，按照类型片套路生搬硬套的那种片子，被时间点赶着走，一切都是功能性的设计，演了上一场，下一场的情节就失忆了，就拿复古青春片的标准来，这片子的逻辑有问题也无法及格，观影时好几次被它的逻辑打败，比如女主角和黑小哥去救她的小黄狗，结果空军基地里一个守卫都没有。变形金刚电影宇宙什么时候开始走少女路线了，据说这片子的投资是1.35亿美元，就拍这个？这种时候开始怀念迈克尔·贝导演当年的TF三部曲了吧，至少贝导拍的那些狂轰滥炸的动作戏还是很够味的，动作戏拍的很有想象力。
33,摩诃曼珠沙华,3,2019-01-02,能把钢铁的机器人做的蠢萌蠢萌的，可见导演对动画塑形的功力很深。剧情很还原动画，但是，我觉得也略软，少了激烈，适合全家来看吧。
1,Bryan·M,5,2019-01-18,"耐特重视剧本证明了系列最佳口碑并非浪得虚名。我十分惶恐的发现整整5部总人物塑造居然比不过一部BBB！细节讲究，无论正、反双方的面部神态、说话语气都相当拟人化，变形金刚的眼睛也终于让我感受到“机械智慧生命体”的灵魂而不是爆炸贝那堆异己必诛只会用工具的玩意！海莉妹子跟大黄蜂同框实在是配一脸，化学反应十足。80年代怀旧风的背景和色调太暖心，有一些GTASA电台也有收录，情怀加分！整部电影又是在模式上对历代大黄蜂经历的致敬，看到G1大战几个经典角色的造型和最后变成80版科迈罗的蜂蜂，眼眶湿润……有情怀、有细节、有干货、有想法，麻雀虽小五脏俱全。不是居然比变2还低分？SHAME ON ALL OF YOU!!!
12年电影粉认证5星！！！"
1,Cynosure,5,2019-01-19,Bee头上的两支小鹿角好像喵星人的飞机耳啊！2333。女主妈的声音有点像谢耳朵的妈啊，真德州人？还有女主跳水那个，喂！你确定水足够深吗？Anyway，机器人回归经典造型了！
29,大奇特(Grinch),4,2019-01-01,这次独立的大黄蜂电影试图用更走心、更聚焦的视角和更少的爆炸来重塑《变形金刚》。80年代的背景，使影片呈现出八九十年代商业片才有的面貌。大黄蜂和女孩两个角色是互补性质，相互取暖与成长，就像ET、钢铁巨人和大白，拥有意想不到的温暖和幽默。定格动画导演的优势就是非常注重动作细节，变形具有动画版的变化细节，打斗也不再是两块铁揉，能看到招数。
36,内有恶犬,4,2018-12-11,五米忠犬大黄蜂，进可飙车退可听歌，擅长摸头杀和puppy eyes，蠢萌体贴又耐打，完全是献给广大女性观众的实用型宠物情人。
31,舌在足矣,3,2018-12-22,"Nah, the first Transformers is still the best. And whatever happened to the Cybertron language?"
38,桑下,5,2018-12-20,这部比起之前的变形金刚系列可以打一万分好评了。非常好看。
33,Ada Wang,3,2019-01-04,变1>2>大黄蜂>=3>4>5，变形金刚版的水形物语和我的机器人男友，信我，女主爱的是大黄蜂，男二打酱油的备胎电影结局还被踹了。大黄蜂本电影角色扮演大白和无辜傻白甜。前传的故事设定继续推翻前作变1，我记得很清楚山姆的曾祖父发现了威震天然后美帝研究了100多年逆向工程发明了各种火箭技术和高科技。BB电影冷战人类又不认识霸天虎了不知道怎么回事，把这个设定完全推翻不断自我打脸了。前一秒BB还被人类的武器打得毫无还手之力然后看到女主小宇宙爆发开启黑化模式？一个高科技机器人居然需要人类发明的电击枪才能复活？EXM？人家是火种源生命体好不好！中规中矩的前传系列。说实话，Transformers系列讲笑话越来越不行了，BB仍然抄袭的1和4里面卖拷贝用烂的笑点，反正我是全程黑线。
16,掉线,3,2019-01-04,【C+】新版竭尽全力与卖拷贝版划清界限，整体风格更偏向怀旧向的动画片，耐克公子对内容全局的取舍与把握到位，但整体差好几口气，这当中有剧本也有导演的问题，女主的成长，恋情，与大黄蜂的友情，和家庭的关系，都只有变化过程却缺失根据，跳水的戏处理更差到让其几乎变得多余，导致情节永远比情绪先到，无法水到渠成的调动观众入戏，只好反复用配乐硬带。最后电影也不可避免的成为了另一种干巴巴的套路。
18,二十二岛主,3,2018-12-22,一部很工整的“大黄蜂”独立电影，发掘出了这个人物本身的萌点，他在影片中的表现确实像一只宠物一样，也成为了最能吸引观众的地方。女孩与他并肩战斗的过程，也是找寻自我、与家人和解的过程，这条线索最打动人。特效、青春、热血、复仇这些都没得说，但整体并没有太大的惊喜，还是在同类型影片的框架之中，略遗憾。最喜欢的是电影中的复古感，男孩墙上海报能看到致敬《怪形》，有学到一点神韵。
23,大聪看电影,3,2018-12-20,如果想在电影中看到慢动作漂亮的回旋踢（动作戏），你们会想念卖拷贝的。文戏虽好但有点贪杯，大黄蜂卖萌专题片，我决定入一只大黄蜂手办。
0,云烨五爷,3,2019-01-20,哪里都不忘记虐蜂，蜂什么时候才能飞？？？反派又能变豪车又能变飞机，B127显得弱爆了（虽然不是真的弱）打斗，爆炸场面太少，差评！！！故事结构和变1差不多，造访地球，结识朋友，然后打怪升级。女主的卷毛弟弟长得好像甜茶啊！！！我要回去把变3再看一遍！另外：什么时候出个禁闭或者热破的独立电影，想看禁闭打嘴炮，想听热破的法国口音。还是喜欢什么都有可能爆炸的场面。
22,欢乐分裂,2,2019-01-04,2.5；剧情粗疏粗暴幼稚，就当听一回金曲串烧，爱她就要爱the smiths，作为真爱粉简直感激涕零，配歌满分，为配合发言系统选取的歌词也堪称神来之笔，可爱到爆。邪恶科学家+跨界依赖，跃入水中+指尖碰触，真的很像《水形物语》了。
13,科林,3,2019-01-02,"女孩与大黄蜂指尖触碰的瞬间颇有当年NOKIA开机视频的灵韵，手牵手、心连心。相比迈克尔·贝对爆破场面变态的一味执念，此番耐克公子则把侧重点放在了“人车之恋”上。更多的温情戏使得人类角色不再可有可无，而是有血有肉地融入在整个故事整体中。再加上80年代摇滚金曲串烧，这招怀旧牌很能打动死忠粉的心（那么问题就来了：能不能换我去继承NIKE的产业？……）。
推荐观看IMAX版，全程满屏，爽！"
14,不流,3,2019-01-06,这股商业片卖情怀卖萌的风潮什么时候能结束？
32,飞翔的茶壶,2,2019-01-01,两星给小黄的战斗模式，傻白甜模式反正是激不起我的母爱之心。开片好感度最高，萝卜互虐那段换成人形想想好刺激好带感，可惜随后一路暴跌，“如何花大钱把好IP拍成大傻x”的典范，特别适合“谷阿莫x分钟吐槽xx”，美帝军方要是这么弱智，你球绝对没有未来了，年轻人的第一辆车是个多适合发挥的主题，能拍成没有最傻x只有更傻x真的让人无fa可说。
1,書衣偵探華斯比,4,2019-01-17,很合家欢的变形金刚电影，特效很克制，没有之前五部的狂轰滥炸，大部分特效集中在两段赛博坦之战上。时代背景多了几分怀旧感，希望能借此机会重启变形金刚系列。另，听说《超能勇士》/《猛兽侠》要拍了？
11,汽车大师,3,2019-01-05,这类八零精萃集锦片有点泛滥了，我知道TF最初不过是卖玩具的广告片，可把金刚当宠物玩具人类好朋友的ET戏看得我还是好瞌睡。三十年后对严重政治不正确的约翰休斯来拨乱反正就是主角女geek，黑人扮nerd，jock当然还得白种金发男
8,心生,3,2019-01-05,7分。这次的大黄蜂可爱到了新高度，蹲着坐着的时候更是各种萌。成长之路上的少女与重振之路上的汽车人，很好的陪伴与互补。赛博坦之战虽短，但还是看得激动。人类男女主都表现可以，但是配角John Cena的表演却是一脸的笨拙，看着都糟心。PS：片尾还是看到了那个熟悉的名字——迈克尔·贝（制片人）。
12,徐若风,4,2019-01-04,3.5 emmm其实还是动画片的思路，就像斯皮尔伯格拍《水形物语》哈哈。一部丧暖、纯良、怀旧的电影，用简单的故事做简单的情感触发点。
14,瓦力,4,2019-01-01,系列重启首作让大黄蜂走卖萌喜感暖心路线是对的（总不能让擎天柱去卖萌吧？）一方面出于对女性观众市场的考虑，另一方面又与爆炸贝系列明显区分，这是此前电冰箱打洗衣机式简单粗暴无法给予的，本片前半段在讲故事层面比较用心，后半段也有像是偷懒造成的过度俗套，但质量完胜除《变1》外所有《变形金刚》电影是毫无疑问的。《变1》里让金刚们学会人类语言的小细节真的很赞，总比一上来就沟通无障碍自然些...7.5/10
20,毛香菇,4,2018-12-27,比卖拷贝拍的好太多，大黄蜂萌萌的大眼睛勾起了我童年痴迷变形金刚的回忆，但我拥有的第一只变形金刚是——红蜘蛛……
13,凹凸,4,2018-12-29,想不到在泰国看了五部电影 最喜欢的一部会是大黄蜂 无甚新意但一切都对
28,忆语_狮子男巫,2,2019-01-02,Seriously我感觉迈克尔贝的第一部比它好太多了，那种低角度拍摄带来的史诗感和伟大感啊。
13,柯里昂,3,2019-01-04,前半段大篇幅的EDU（养成系），中段杂糅RAC（赛车类）和FPS（射击类），结尾5分钟FTG（格斗系），为了照顾所有受众（大人、小孩、男人、女人、系列粉、路人粉...），也算是煞费苦心。连小姑娘都能跳塔了，你让巨石强森们和阿汤哥们怎么活。
9,红豆♥,4,2018-12-22,为了大黄蜂加一分。看到小女孩第一次眼神冀冀地看着大黄蜂的时候就泪崩了。糟糕无望的青春期，总是希望发生点什么，遇到大黄蜂这个经历也太幸福了吧。
7,恶魔的步调,4,2019-01-04,变形金刚拆地球前传：黄黄小忠犬。虽然本质还是teen sf，但打的一手好怀旧牌，估计拿那些老歌版权该花了不少钱。
16,羚羊的灵魂,4,2018-12-11,先嫌弃爆炸贝130秒。以前的变形金刚有多难看，这部大黄蜂就有多好看，每条故事线都很暖，是这个冬天我看过最治愈的电影了。犬系大黄蜂太可爱惹！事实也证明，斯皮尔伯格的ET太经典了，把这个模式套用好就可以保证不翻车。
10,Cycble,4,2019-01-01,英雄救美，铁汉柔情，硬是看出了萧峰阿朱塞上放牧牛羊的情景。美女驯服了大黄蜂，就像小王子驯服了狐狸，生怕卧室里的天猫精灵哪天突然变形。这哪里是大黄蜂，这分明是集小黄人的贱萌，大白的忠犬于一身的男朋友，谁不想要？
7,无耻不混蛋,4,2018-12-31,与卖拷贝“哐哐哐”从头无节制打到尾的直男癌走肾动作片相比，“耐克公子”显然要走心的多。做为“变形金刚宇宙”中首部“单机器人”电影，影片成功的关键在于“大黄蜂”形象的建立。大黄蜂被成功打造成了比金刚、大白还憨还萌还暖的“小奶狗”。这不再只是一部简单的动作片，更是一部充满怀旧色彩与复古情怀的青春成长片。好想要一支“大黄蜂”当男友。被【宇宙最强男友】实名圈粉。
13,天之行者,4,2018-12-22,"作为《#变形金刚# Transformers》系列的重启作（有看的都知道，这不是重启就有鬼了），可以说它在爆炸场面、变形帅气度的确都不及Michael Bay在首集的水准，不过Travis Knight做得好的是有在正常说故事，而不是把角色及大黄蜂变成毫无灵魂的空壳。因为大黄蜂战损及没了正常发声系统的关系，所以全片有大半时间都是一只有点胆小又不能说话的蠢萌宠样，而觉得自己没有家人寄托的女主也因此与大黄蜂建立了关系，虽然很套路但就是受用。

至於战斗场面全片主要金刚就是汽车人的大黄蜂（顶多加上出场不多但造型经典的#擎天柱#）及霸天虎的两部，所以没法搞成爆炸贝的轰轰轰轰轰轰场面，但实际在最终战时，大黄蜂的灵活身力其实也挺有看头。
评分：8分（前提，不要以《变形金刚》1的爽度去衡量此片）"
7,汪金卫,1,2019-01-12,稍微带点脑子看都会被逻辑气死。从头到尾充斥的那些俗套桥段比影片背景年代更要老掉牙，超级战士变成小奶狗设定的扯淡程度与外星球高科技机器人用最低效的说话形式沟通最原始的肉搏方式战斗有一拼。水到家的剧情即使回到80年代也能被卡梅隆拿着《终结者》和《深渊》吊打。除了展示派拉蒙孩之宝多有钱能够随便买下几十首劲歌金曲版权，以及证明他们的编剧多好骗稿费外，我看不出拍这部电影的意义
9,刮刮油,3,2019-01-06,人类文戏太多，演技又平平，全靠bee的卖萌撑场子了。
18,丰,1,2019-01-04,现在的片子不把非人角色弄成小奶狗卖萌就TM不能拍不能赚钱了是吗？？？连变形金刚都要毁？萌NMLGB！超人类智慧生物你当成狗拍？大黄蜂还是大黄狗啊？我可去你的吧！我还不如花钱看卖拷贝的一帮大铁蛋XJB打来得值。毫无基本逻辑情节强行乱凑就更不说了，以至于我一度怀疑这是一部面向12岁及以下小观众的电影。真实气到吐血。变1如果90分这部也就15分。
9,Amberose,3,2018-12-16,略平淡，大黄蜂和少女虽然可爱，但是人类军方宛如弱智
9,文森特九六,3,2018-12-16,活力四射的八十年代路线永远是靠谱的，事实再次证明当初撕皮包的构想是多么的正确。
6,搬砖侠,3,2019-01-02,换了导演之后，果然为已经被卖拷贝同学拍烂了的《变形金刚》系列找回了几分好感。耐克公子完全是照着好莱坞合家欢温情片的风格加上《金刚》之类的“人兽恋”的套路来拍，主题非常符合好莱坞的核心价值观，大黄蜂被拍出了一种讨喜的萌感，不再纯粹依赖视觉狂轰乱炸，反而追求故事走心。虽然情节略显老套，但作为一月仅有的好莱坞进口片，想要大卖应该不难……
11,近似无限透明的蓝色,2,2019-01-04,加条裙子画个party装，再把假发戴上，可以出一个变形金刚芭比系列了。小奶狗的设定实在接受无能，滥用的怀旧金曲也已听腻，至于老土的搞笑桥段与守护情节，放在二十年前或许还有些新鲜。拜托，在这个非腐即娘炮的年代，给老人家留点童年回忆好不好？
5,基瑞尔,3,2019-01-04,海狸的部分一开始就彻底把这部片子变成了<Edge of 1987 Eighteen>哈哈哈。不免俗的有烂俗金曲打包（怀疑每年的Take On Me和Don't You Forget About Me的版权使用都是打包卖的！）、外咖少女成长记，但有一种特别的可爱。虽说打斗戏这样的硬核戏份很少，但是这个IP退回到起点，重新试着探讨“他”与人的关系，试图唤起像Charlie面对B-127那样的恐惧、珍惜和携手作战的精神，还是可圈可点。【片尾海狸的Back to Life特意做的remix好听到cry【后排阿姨一直和女儿小声bb里面Otis小弟弟是低配年幼版的你们甜茶23333
12,萨库拉,2,2019-01-04,想做ET想做King Kong想做少女成长，最后啥都没做好，有的关键戏也太水了。
6,二火山,3,2018-12-14,这哪儿是番外篇，明明是重启之作，忠实动画造型是最大亮点。讨老斯欢心的ET模式，可以各种套用，大黄蜂的战斗力对我来说一直是个谜，赛博坦星也存在小宇宙一说吗？
7,纤纤,3,2019-01-04,可以这个大黄蜂，男友力爆表了，情节叙述不错。
3,Mr. Infamous,4,2019-01-04,差点忘了，《变形金刚》系列还能有温柔的情感共鸣。看到Charlie和Memo在车中站起，《壁花少年》般驶向未知的自由、欢乐与无畏，看到这些生死之交，刀山火海也去，枪林弹雨也去，又看到风平浪静意味着不知终日的别离，就觉着熟悉的感慨。这种触动也基于骨子里的可爱，大黄蜂与男女主，还得加上配音的迪伦·奥布莱恩，以及藏于背后的耐克公子。
17,宇宙电影王,2,2019-01-04,剧情越演逻辑越离谱，后半段干脆放手烂梗一锅煮，即使开头华丽的赛博坦之战也救不了你，大黄蜂
5,翻滚吧！蛋堡,3,2018-12-11,3.5 大黄蜂都来和小黄人比萌了，踹掉卖拷贝后这个系列也难得的有了温度。
4,what'swilliam,3,2019-01-04,3星半。耐克大公子是有才的。这部变形金刚系列片和之前的变形金刚45部相比，最大的优点是不墨迹，不像老太太的裹脚布。1.本片又名《叛逆少女的萌宠小奶狗养成》。2.废品厂的爷爷人真好。3.撕逼啦！大黄蜂吐槽破坏王拉尔夫的音乐品味。4.剧本弱鸡，电击修复记忆单元太扯了。5.最后是致敬《水形物语》么？6.少女手虽巧，基友人更好，所以最后大黄蜂还是得回到擎天柱欧巴身边。ps：《变形金刚》系列我还是最爱第二部，有八仙过海的感觉。
6,瑞波恩,5,2019-01-08,还是很动人的，大黄蜂忠勇可爱又是超级DJ一枚，萌化了一众地球人。有迈克尔•贝与老斯的保驾护航，特效剧情流畅自然，重心不在打斗特效，而在人类与外星机器人的真挚情感，虽无惊喜但也算是这几年良心科幻大作了，而很多场景都可与《E.T外星人》对比的，充满了童真与怀旧气息，当大黄蜂与小萝莉一起听《unchained melody》的时候，忽然想起青葱时代的过去，差点内牛满面，啊啊啊，好丢人呀！（捂脸）
2,Yome,4,2019-01-05,比 變形金剛   好看 太多了!!!
6,女神的秋裤,3,2018-12-28,TF boys中的大黄，萌得跟大白有一拼，复古温馨，少有的几幕大战还是很精准的带来TF系列的感觉，大黄蜂在这里了解和学会人类的一切，获得新生，真正在人类和变形金刚之间建立情感的羁绊，比擎天柱的官腔实在的多。
7,明光暗影,3,2018-12-28,"《变形金刚》是男人开车，粗暴有力，走肾；《大黄蜂》是女生开车，温情暖萌，走心。
有人找回记忆，有人得以成长，这样也挺美好的~

ps:迪士尼有“大白”，派拉蒙现有“大黄”了。ET式的外星萌宠片，青春成长片，家庭少儿片……画风大变，这回估计女性观众更喜欢。。。"
5,时间之葬,3,2019-01-04,本质上是一复古青春片，大金刚化身小萌宠。比卖拷贝后面几部当然是好看了，但是金刚们的战力之飘忽，从来也不给个合理设定与解释。
12,four8,4,2018-12-31,电影前半部分大黄蜂巨萌！后半部分巨苏！电影自带笑点！这部算是反转了变形金钢系列口碑了。
1,Panda的阴影,4,2019-01-04,⒈像我这种不太喜欢开车、又爱听音乐的人真的很想要有一辆可以自动驾驶又可以用歌曲沟通的「大黄蜂」呀！⒉电影看得多，音乐听得多，然后在看“新”电影时注意到里面迷影细节、听到熟悉的旋律就会有惊喜的感觉，比如《怪形》《夺宝奇兵》海报、《头号玩家》使用过的<Everybody Wants To Rule The World>、《无敌破坏王2》第二个彩蛋里使用的<Never Gonna Give You Up>……⒊跟开场众多变形金刚大战相比，最后结尾高潮还是有些不够给力！
1,安蓝·怪伯爵,4,2019-01-08,正直善良，武力在线，肤色健康，身材超棒，嗓音独特，手控福利，温暖抱抱，懂得示弱，偶尔犯傻，天天卖萌，最关键的是在难过的时候适时出现，在生离死别的时候向你伸出手，在危险的时候护在你身前，这样的小奶狗男票谁不想要哇哇哇……喂喂醒醒口水擦擦干啊大妹咂散场啦（被保洁大妈晃回魂……
7,悍客.罗,4,2018-12-21,有意思！少女版超能陆战队，奔波必，成了一个大逗逼。
6,壹安²,4,2019-01-01,整个系列里最有温度的一部，家庭&亲情&成长主题看上去比拯救人类主题格局小了，但我偏偏觉得高明许多。顺便从《X战警：第一战》、《银河护卫队》开始到《大黄蜂》再到年底的《神奇女侠1984》，80年代复古流行风真是百看不厌呀。
5,维雪魂,4,2018-12-28,人类戏份过多一直是这个系列为观众诟病的槽点，但奈特公子告诉大家这其实并不是问题，关键在于如何妥善处理好机器人和地球人之间的关系。《大黄蜂》选取一个较小的格局视角，向观众展示一位外星人的到来如何影响到了一位小女孩让她重新找回自我。重点在于让人见证大黄蜂和小女孩之间双方之间的互动，与观众建立起情感共鸣。而不是像卖拷贝塞一大堆认不清数不完的人类角色相互吐口水讲笑话而忘了汽车人霸天虎的存在，让观众艰难熬过两个小时。当然这片观众评分估计不会特别高甚至低于前几部，会有一大片直男癌觉得这样一个简单故事，还不如看没完没了的轰炸和卖拷贝最爱用的超模表演。
6,今言,3,2019-01-03,剧情很稳，燃点太少，大黄蜂只剩卖萌了。
3,probe,3,2019-01-04,开头正宗变形金刚造型的回归让人感叹如果原系列从此开始该多好，此片也可以看做变形金刚宇宙的序曲。故事之后就一路跌下去，结局动作场面既牵强又平庸几乎没有高潮，豹头蛇尾啊。照抄钢巨人的人机恋套路让文戏偏多也削弱了节奏感，一直靠流行金曲串烧来勉强拉起兴奋度，只能算作幼稚青少年向的怀旧小品了。变形金刚必须要有数量上的气势，个体而言，可挖掘的魅力实在单薄。
6,朝阳区陆依萍,3,2018-12-13,把大黄蜂写成小黄人+忠犬男友，谁能不爱呢？
4,夜神月的猫,4,2019-01-04,片头就来回忆杀，激动死了，Nike公子爷真的懂变形金刚，情感戏细腻，逻辑到位，变形一气呵成不拖泥带水，这正儿八经才是影迷想看的变形金刚呀，早该让Nike公子来导啦！就问你想不想养一只大黄蜂，哈哈哈！论孤独的灵魂谁不需要一只高能宠物！不过这下有坑了，变1时擎天柱才来地球，这里这么早就到了是怎么回事呢？
6,晚不安,3,2019-01-02,耐克公子可算让这个系列摆脱了卖拷贝的轰炸阴影，最新一集的“机器人色情片”有了些不一样的色彩。以擎天柱开场和结束，但没有什么苦大仇深的总结陈词。关键是没有太大的野心，把故事收拢到边缘人找情感慰藉。整体剧情还是俗气巴拉的，有完成度但是了无新意。请来海莉演了个低配版的《成长边缘》，个别情感戏挺见编剧功力。把大黄蜂从士兵“矮化”成忠犬，用小黄人那一套萌系属性来俘虏观众，不过拯救世界的A线写得跟《毒液》一样烂。是《银河护卫队》先起的头吗？好莱坞导演集体陷入八十年代怀旧金曲热潮。最后，实战证明，直升机永远是最不经打的……
5,谢谢你们的鱼,5,2019-01-04,棒呆，外壳是《钢铁巨人》，底色是《成长边缘》，最值得兴奋的不是塞伯坦短暂的童年大巡礼，而是一段感人至深的成长故事，不觉得有什么俗套的，百分百的温暖。
5,Karno,4,2018-12-28,26.12 stc人真多 缺氧.. 大狗子真可爱!!萌死我了 用收音机说话 往bully车上扔鸡蛋 扔完傻乎乎地躲车后面hhh 不过一条锁链就把男反派给废了 稍显牵强 男主原来是摔跤冠军呀 难怪出场时有人欢呼～  他说 那两个大机器人自称名为deceptions 这意图还不明显吗hhhhh
4,Happy Wiggin,4,2019-01-05,看到一半脑子里忽然冒出一个想法：主题曲再也不是Linkin Park了……
12,令狐师兄,1,2019-01-04,垃圾片，美版黄思聪可以回去吃老爸了，第一次在电影放映中刷手机了，2⭐再减一星，越看越无趣
4,影毒肥佬,3,2018-12-24,"多謝柯柏文大哥在 小弟首擔主角的戲  友情客串,  仍然奉上最精彩動作, 應該是商請了八爺作動作指導.  柯大哥還在結尾再次探班, 給足了小弟面子,  可惜他趕場太忙(可能正在客串鋼鎖. 麥加登. 陰波. 大力士等等外傳前傳),  沒機會和美麗的海莉小姐互動一下,  不然她們合照到網上,  點贊定過億!!"
4,隐形军刀,3,2018-12-21,三星算理智分吧，情怀粉就是冲着小时候G1的造型来的 无功无过，不过还是比爆炸贝那一坨杀马特金属强多了 剧情设计不能再老套了 全程就是bunblebee卖萌 女主小姑娘不错 kubo的导演果然跟看完kubo的感觉一样。。
6,judy,3,2018-12-27,中二少女與來自塞伯坦星的ET。差不多把大黃蜂當寵物狗在拍...終於不爛，但也只是普通。沒特別好。罕見拿到好評的原因是反差吧。前面麥考貝的變形金剛爛太久了。而觀眾對這系列標準也向來低到到不可思議...
3,把噗,2,2019-01-20,太弱智了。
8,隐,2,2019-01-06,变形金刚也要做“小奶狗”？我宁愿看蓝领工人审美的机器人。
5,cccddw,4,2019-01-01,2019年第一部电影。最喜欢开场在赛伯坦的战斗和八九十年代感的配乐，一月没有什么有竞争力的影片，票房应该会很好（导演不用回去继承百亿家产了
5,Muto,2,2019-01-10,没有一处不在人类套路当中的《大黄蜂》最终于大写的人类面前依然没有存在感。为此我们得继续从海德格尔那里寻找命名的意义：所命名之物与人类的关系。在汽车人的语境里它是B127，在人类语境里它是钢铁战士，只有在女主角的眼界中它才是代表了一个人的萌萌哒。也正因此，这个系列终于在一股复古的风潮中切断了人与机器的关系，转而建立人与人的关系。事实上我们看到在动作场面和视效方面影片均有明显的节制，倘若作者稍微下点功夫打磨一下剧本，或许能将这部平庸的作品拉高一个档次。
3,桃花石上书生,5,2019-01-05,真是好看，超越任何一部变形金刚的正片。女主角算不得美，但有一种天哪，她真的真的好青春的感觉。演技非常棒，占满银幕。遇到大黄蜂这样的朋友何其幸运。哭了好几次。
2,品客,3,2019-01-04,简直就是一封写给早餐俱乐部的情书啊！
5,木由,5,2018-12-28,太喜欢了，要认真写长评。恭喜耐克少爷导演当的不错不必回家继承家产了。
0,简隋英的小朱🌈,4,2019-01-07,看来全世界的少女都缺爱，尤其是父爱…这种无法消解的情感最终在(类)爱情上得到投射和平衡。和同期海王的权力征服等男性春药相比，果然情感羁绊来得更讨好女性观众。谁不喜欢可爱又幽默的小蜜蜂呢(*˘︶˘*).。.:*♡
1,BlackWatson,3,2019-01-14,没有任何意义的一部纯商业娱乐片，拥有非常明确的套路和剧情，商业娱乐片特征。不难看，也不值得好评，没有任何值得一提的亮点，就连跳水之类的的花样都明确能被猜到。都2832年了，还在搞卖萌动物的套路，从早年好评作品，后来也有学得不三不四的长江七号，银河护卫队、大白、神奇动物在哪里，这种片就是电影的耻辱。2015年以后再出任何以动物（机器人等）卖萌博好评的片，都是在戏耍观众的智商。
4,艾薇森,4,2019-01-05,许多年后，查莉看到大黄蜂和山姆一次次拯救地球的新闻的时候应该会很骄傲吧
5,懒得懒了,4,2018-12-27,"大黄蜂🐝简直是女性观众的收割机
蠢弱萌和男友力MAX无缝切换☺️[嘿哈]
前半部：论蠢萌傻弟弟的饲养与培育
后半部：小蜂蜂带你回归纯与真的17岁
感觉不少人会喜欢这部青少年向&女性向Transformer😂
最后还收到了蜂蜂礼包 真开熏[憨笑][憨笑][憨笑]"
0,武侠小王子,4,2019-01-04,卫星奥运宫崎骏，机车冷战老摇滚。
0,桃子,3,2019-01-09,俗套、好看，配玉米片和饮料。分镜头像是电脑程式，每次都能猜到下一个，剧本也挺像。大女主片；所有男性角色都比较弱，从小孩儿到中年。不过，女主角挺帅气，非常能让人看下去。大黄蜂基本上照着狗写的。用收音机DJ式说话挺有意思。科幻+青春片。（黑胶唱机出现的时候，我身后一位女观众问男友，“这是什么？”）
5,草原上的马,1,2018-12-19,我看的生肉版，流水线的剧情和流水线的演技以及特效
1,何小沁,3,2019-01-05,我对一切萝莉+机械设定毫无抵抗力……不过这部居然跟大白一样是个恶意卖萌片啊……或者是，萌宠片？？？有点失望吧，不想看养宠妹想看撸铁妹啊！！情节也比较低幼向，适合爱看ET的小朋友们
1,kylegun,4,2019-01-09,赛博坦经典角色大乱战，星星叫肉搏大黄蜂，造船厂拆塔之类的机械打斗还是不错的，但主要时间在玩宠物养成实在难受啊，从前几集狂轰滥炸消费女色到如今恶作剧卖萌消费男色，男女主角最后还要连拖个手都不行，也真是政治正确得很可以了。看完后深深怀念麦克贝……
3,发条橙,3,2019-01-08,小巧且精致，简直小清新！和卖拷贝那几部狂轰乱炸的硬派直男风显然是截然不同的。不仅在人物情感与角色的互动上有了更多细腻的刻画，而且能看到剧情了，适当的动作戏也更有辨识度，不再有一堆破铜烂铁扭在一块儿缠斗的“油腻感”。八十年代流行梗的运用更多的是符号象征而不是刻意滥尬情怀。剧作整体偏儿童向，能看。
2,Dick8045,4,2018-12-29,棺材板被一腳踹開，恭喜終於迎來系列作的救贖。換個導演果然才是正確選擇，麥可貝末期已經陷入了對系列的厭惡，連觀眾都看得出失去了熱情到底能拍出什麼翔來，第四集的偷懶變形、第五集的糟蹋歷史都是，系列必須與之切割成了必然，所以從頭來吧，大家在那邊琢磨什麼有沒有與第一集無縫銜接倒也不必了。故事前半段近似第一集，男孩與變形金剛的相遇，後半段類似《Man of Steel》，外星來客的彼此角力。可貴的是貫穿其中人類戲份終於不再讓人厭煩，海莉比起西亞有說服力多了，雖然設定上一樣老土，走不出失親陰影、逃不掉同儕罷凌什麼的，但是不知道為什麼，放在80年代，這樣的故是就是能夠自我合理化，或許是那些老歌使然吧，也或許我們已經厭煩了什麼地球毀滅大危機，只要能再給我一個勇敢跳下水的理由，那也就夠了。補：動作戲終於不再垃圾打架！
1,天马星,4,2019-01-04,典型E.T.模式下流浪外星人与叛逆美少女的成长故事，虽然俗套但是胜在情感真挚。这一次汽车人与霸天虎不再是只知打打杀杀沦为摆设的机器，这一次他们有热血也有智谋，有愤怒也有恐惧，这一次变形金刚们比任何前作都来得有人性。
3,陆支羽,3,2019-01-04,3.5。
4,芥末蘸酱,3,2019-01-01,怎么就系列最佳了，大家是真的瞧不上迈老师啊。
1,水浒三国金刚,3,2019-01-04,萌燃暖男治愈系守护神
4,汤圆看电影,3,2019-01-11,坚硬的钢铁战士居然温情脉脉了，有点意思！
2,第七年夏至,5,2018-12-22,"看的时候，有很多话想说，看完之后，却一时又不知道说些什么。总之，是一部中规中矩的好莱坞特效好片，四星；除此之外，又有一些其他的东西（请自行买票到影院体会），加一星。
特效和动作很好；剧情比较完整；演技不赖；泪点恰到好处，不尬；萌点会让人从此不再想撸猫，只想撸bee"
1,诸葛若见,3,2019-01-06,"少女与汽车人的成长记，笑点有，感动点也有。从女性视角切入变形金刚系列，多出了宠物的温情感。忠犬系大黄蜂太有爱了，摸头杀瞬间戳中萌点，蓝色大眼睛一闪一闪，撸狗手感一流。配乐走的经典复古风，合格的爆米花片，能图一乐。
汽车人和霸天虎打斗场面，还挺精彩，有格斗美感在里面。可以看出找了导演奈特之后，整个系列都焕出新的生命力。迈克尔·贝在变5的表现，简直烂到抠脚，只知道一味堆特效和插广告。

动作场面还是得为电影剧情服务，本片克制了很多。虽有不足，但娱乐性和可看性相较于变5提升了不少。7分"
2,麻绳,4,2019-01-04,变形金刚系列最暖的一部，喜欢大黄蜂作为一个大玩具陪伴女孩的部分，很多温情有趣的设计，特效大片文戏这么扎实，很难得。动作场面也完成得不错，耐克公子可以不用回家卖鞋了。
3,angryriver,4,2019-01-04,哪个地球女孩不想涌有一个汽车人男友呢
0,glim,1,2019-01-20,低幼到一定程度，跟第五集比都没什么花棉
3,国产凌凌期,5,2019-01-04,初次相识，青春年少，患难生死，年代金曲，又找回了些许当时看变1时那种新鲜感。大黄蜂怕是要成为一九年首季萌物。从动作片的角度看，亚洲动作电影对好莱坞动作风格的影响是显而易见的，汽车人的短暂肉搏戏不难看出香港武打片和《突袭》的影子。不多说了，刷歌单去。
2,西帕克,3,2019-01-05,人物关系基本来自《钢铁巨人》，但完全没达到那个高度，只是加了情怀的改良迈克尔·贝。这些年的80年代致敬风看的也有些腻了。不过G1外型的金刚真是太赞了！
3,榜上有名猫,4,2019-01-01,IMAX场次，主线甲壳虫到科迈罗进化史，副线第三类接触走心向，动作线前虐后发力小光环，节奏适中，总体来说，票价还是值的。PS：背景塞伯坦星球混战已立好拍擎天柱续集的flag了？
0,mysticark,4,2019-01-12,剧情比第一部以外的卖拷贝版都好，女主说实在的已经好过之前任何一位了，虽说除了最后一刻照样起不到任何作用。这回军方也没起到作用，重心全压在大黄蜂这一个角色身上。
0,放开那个浪味仙,3,2019-01-08,减少了大篇幅的狂轰乱炸，这一部变形金刚人情味重了很多。Bumblebee绝对吸粉，看不得小姑娘受一点点伤害，贴心又可爱。故事整体很一般，剧情略套路…没有传的那么神啦
3,沧海一小生,3,2019-01-05,陪宝贝去看的，变形金刚打起了温情牌，还不错，或者说很适合东方人吧，起起伏伏，有热血激情的战斗场面、也有催人泪下的生死之间，故事紧凑有头有尾，可以一看！
2,Salvatore,4,2019-01-01,海报和预告都有钢铁巨人的感觉，看完也是真人版钢铁巨人
1,念已,5,2019-01-05,少女bee满分
8,认想,5,2018-12-26,"大黄蜂到地球与女孩查莉男孩Memo相遇，互动很萌 相处有情感 带感。
萌、男友力满满。黄色甲壳虫车 看着开着坐着都可爱，肌肉跑车跑着~。
保护 打斗 收音机说话 跑步的背影很帅"
0,窥窗桃枝,3,2019-01-21,闲篇废戏太多了，大黄蜂电影的重点是大黄蜂，如果要看青春少女成长的话我会去找一部青春片来看。开篇赛博坦上那一场还不错，结尾就太水了吧？碰上这种结尾大战拍不好的动作电影简直郁闷死。当然我还是要说，Hailee 已经做得很不错了，这不是演员的问题。
1,老罗Lazzaro,3,2019-01-04,设定卖萌的大黄蜂，与少女抱团取暖互补缺失。回归最初该有的娱乐性而不是卖拷贝版冷冰冰的密集打斗，小格局下用温情一面呈现《变》系列，加重情感，角色又显单薄。
2,黑凤梨,3,2019-01-04,近一个小时都是肥皂沫的铺垫，硬核机器人大黄蜂俨然变成了萌宠。少女的气声台词太多了点，演技不好
0,本来老六,3,2019-01-06,不过不失。家里重新装修国家会贴钱吗？
1,fire,3,2019-01-05,没想象中好
0,有心打扰,3,2019-01-05,抱着一坨带着汽油味的坚铁硬钢，总觉得不舒服……
2,江雪宫城,4,2019-01-01,大黄蜂可萌可帅！每个孤独的姑娘都希望有一个懂她的“大黄蜂”啊！瞪着萌萌哒的大眼睛躲在小山丘后面，全场乐疯！反差萌永远能逗乐观众～不过大黄蜂也是男主光环，被打成那样还是没事儿😂IMAX超爽的！
4,路有冻死宇,2,2019-01-04,耐克公子就不要装宅男了，剧本老套如AI写就如果还能忍受（其实不能），那么IMDB TOP250级别的彩蛋除了哄哄萌新和大尾巴狼我不知道还有什么意义。唯一的可取之处就是确认了大黄蜂的性向，在撞见科迈罗之后便抛弃女主找未来老公希亚·拉博夫去了。
6,别说话我真的烦,2,2019-01-04,打架十分钟 煽情一百分钟 十分钟字幕 彩蛋一下就出来了 平庸之作 毫无亮点
0,妙可中国,3,2019-01-08,当卖拷贝把五部变变拍到舞龙舞凤歇斯底里时，选择回归原始无疑是明智之举，况且八十年代背景和满到泻的流行金曲轮播确实让观众耳目一新，失败的是对于少女成长的刻画终究是模糊匆忙的，她和她家庭的几次变化都缺失更有逻辑的推动力，像最后的跳水只是为了完成而完成，但萌宠化大黄蜂这波套路真够奸诈。
7,康报虹,3,2019-01-07,"受前作系列口碑和票房的影响，派拉蒙已经将《变形金刚6》撤出了2019年的档期，这个系列曾经有多么风光，如今就有多么难堪。派拉蒙试图用一部风格大变的“变形金刚”衍生作品来试探如今的电影市场，《大黄蜂》就这样临危上阵了，它没有狂轰乱炸、世界倾灭，G1的造型、冷战的背景以及八十年代的金曲使这部电影更像是真人版的《钢铁巨人》。
《大黄蜂》的市场表现将决定《变形金刚》系列的走向，新的团队会让这个大IP重新焕发活力吗？我很期待。"
2,魏晓波,4,2019-01-16,挺好，中规中矩的娱乐片。
1,长个儿,2,2019-01-20,挠痒痒
5,思郁,3,2019-01-05,比爆炸贝的好一些，但是也是勉强及格，其实这个系列问题是如何处理人类与机器的关系，面对庞大的机器，人类几乎没有什么作用，他们在电影中的存在感比较弱，所以导致很多这样类似的电影缺乏一种情感的联系。这种情感不是通过卖卖萌都就可以解决的，希望以后重启的电影能够改变这一点
4,大海里的针,4,2018-12-28,一部女性向的变形金刚电影，大黄蜂很萌，故事很暖。
1,不想做神仙鱼,2,2019-01-18,又干又尬，比预期的还难看。只有广播歌词选词说话有趣。对变形金刚系列这回是彻底死心了。
4,中华剑殇™,3,2019-01-05,导演承受巨大压力 因为拍不好就得回家去继承亿万财产。。
0,张苑希,3,2019-01-06,1.80年代流行金曲串串烧，换了导演风格就是不一样，扑面而来的青春气息和复古情怀，故事简易明了，情感纯朴动人；2.原来点电击不仅对人管用，对变形金刚也一样有效；3.哪个少女不想养一只这样的萌宠大黄蜂呢？
0,touya,3,2019-01-05,怎么说呢，这部片子与其说是变形金刚衍生作品，更像是小姑娘的成长故事，她在和Bumblebee相处过程找到了真正的自我，至于汽车人和霸天虎这边的剧情就多少有点儿戏了。不过整体观感还是舒适的，毕竟大黄蜂真的太可爱了。
0,深夜声咽,4,2019-01-04,就让我再回到80年代一会，这个世界再没有20多岁的80后了…如果不是3D就更好啦
0,zhang 2nd,4,2019-01-06,很好看，导演是粉丝，有童心，不是一味地追求酷炫，还要以情动人啊。柱子哥戏份不多，可每次出场都很有范儿。这次的造型比爆炸贝的做了简化，更贴近动画版。期待续集
0,小月,4,2019-01-19,蛮精彩，大黄蜂童鞋真是卖了一手好萌，可爱的笑点也很多。
2,薇羅尼卡,3,2019-01-01,哈哈哈哈哈哈，现场有姑娘说，以为来看的是大黄蜂，没想到看完感觉是小黄人...史上最萌，自己体会吧
0,viennavirus,4,2019-01-13,实际上套用的是卡通片中成长故事的范式，少年遇见神奇的物种，以介于宠物与伙伴的关系展开冒险——呈现得很完整，八十年代气息包括BGM都相当讨人喜欢。终于告别了卖拷贝丑陋的机械怪兽，一出真正来自G1的塞伯坦之战——可能是对于老同志们而言最重要的场景。刻意卖萌的几场不太喜欢，一直觉得大黄蜂的脸有些似曾相识，直到有一天看到一只巴哥犬才恍然大悟。
6,997,1,2019-01-04,真是完美诠释了什么叫又丑又长
1,夕阳,3,2019-01-05,海狸妹可爱。仿佛时时刻刻在提醒，快我们要放金曲了，快我们要放烂梗了。
0,本多,5,2019-01-05,剧情略赶，最好的变形金刚电影。btw，1987年the smiths出完最后一张专辑后解散了
1,Tom,3,2019-01-04,超级英雄片的外壳下，包裹着被摇滚乐和伤痛浸透的青春，很朋克很复古。虽然只是前传式的单人电影，但对路人影迷非常友好，适合入坑。
0,贝塔先生,4,2019-01-04,Cute
1,第七大陸,3,2019-01-04,为什么人们喜欢养小宠物？一只大黄蜂的使命。
0,daangel,3,2019-01-10,哪怕回到八零年代卖萌怀旧也压不住卖拷贝的烈焰雄心！我更喜欢八零年代乡间小调。
0,何婊砸,4,2019-01-17,大黄蜂就像个可爱的小孩子！明明就是小黄蜂！又是一轮经典怀旧摇滚风的狂吹。涤纶的声音好好听~大黄蜂和少女相互依偎的感情，容易让人想到机器人和人类的爱恋？
0,杉爷,3,2019-01-12,最后一场电影，最后简单的告别。
0,水脉,3,2019-01-13,在电影院里勉强看完了，真觉得不值。不想看大黄蜂失声卖萌。对女主成长困惑+家长里短丝毫不感兴趣。可能适合小孩子看吧
0,birds,3,2019-01-21,et2018
2,贾小年,3,2019-01-01,广州豆瓣超前点映场。可以理解为鬼畜技能加持的小黄蜂和为获得自我的叛逆少女讲了一个番外故事。“他比你们都要有人性！”也正是因为太讨好了，就少了太多了看性。
0,UrthónaD'Mors,3,2019-01-20,大黄蜂就是仗着自己弱小可怜但抗打的特性存活下来了
0,樱夏枫雪,4,2019-01-21,完全是为了海莉而看的！果然没有辜负我的期望！
0,蓝抑郁剂 Lily,5,2019-01-09,2019年第一部电影，和婧子在南京。大黄蜂是一只大狗狗吧
6,Hussein,4,2018-12-27,卧槽！这明明就是只小奶蜂！！！
0,元気一杯咪噶酱,4,2019-01-14,挺喜欢的
0,seabisuit,3,2019-01-05,《金刚》版的《水形物语》，强力致敬《ET外星人》《怪形》《早餐俱乐部》，尽管卖拷贝砸锅的那部5都没看，劲歌金曲把磁带换成黑胶也不如《银河护卫队》爽快，但浓浓的80年代情怀打斗造型也让我找到小时候搬着板凳守侯在电视机前观看动画片或得到心爱玩具的感动，因为整体剧情笑点确实很低幼，3DIMAX特效逼真画面清晰也使得影厅内一片和谐其乐融融的放松休闲。少数族裔面孔为主角好莱坞反川普时代的标准大片设定，《大地惊雷》后长成的少女海莉魅力尚可，不用担心耐克公子放弃电影梦想而回家继承父业，完全可以期待继续拍摄这个前传《地球最初的塞伯坦》。
2,ZeonGin Sou,4,2019-01-01,系列最佳。1.85：1比例吹爆。大黄蜂重回甲壳虫。对80年代怀旧风毫无抵抗力。摆脱爆炸贝，系列重新出发，再次聚焦人机故事。双线安排，18岁少女青春成长与伤痛作牵引，黑恶势力搜寻落魄义士为副线，青春洋溢，笑点得当，又惊险刺激。武戏克制，钢铁交缠减少，动作设计一流，人机同镜的动作戏依然保持惊艳，终于不再只是乱放烟花。
0,海狸狸狸,4,2019-01-12,走复古风真是100%正确啊。80年代金曲一响起就想给电影打满分。回归温情和卖萌真是再正确没有的路线了，期待下部，我要看擎天柱！！！
2,懒人老猫,3,2019-01-04,怎么说呢，剧情圆滑还算流畅但不是太有意思。但我们这种从小看过TV版的，情怀就是这么耐消磨。大黄蜂作为战士的一面和作为大黄狗子。小可爱蜂的一面我觉得还是有点精分。我最喜欢的场面是那个声波放机器狗的战斗场面，是的，这个是我特别特别熟悉的童年记忆。
2,包子,3,2019-01-04,其实剧情来说普普，但是大黄蜂堪称萌神啊！！！觉得此剧其实不适合带小朋友看，因为小朋友看完可能会忍不住缠着大人无理取闹要一个大黄蜂当宠物！因为即使我已经是个大人了，还是忍不住想闹，妈妈我要一个大黄蜂！！！！各种卖萌简直毫无底线好吗！！！！而且巨受受受受受受！！！！太想艹哭他！！！！！！！！！！
0,iriselite,5,2019-01-04,最接近于动画片里形象的大黄蜂现身了，其实以前动画里最弱的就是大黄蜂，它很萌，像猫咪狗子一样，80年代的怀旧金曲为本片增色。混血小黑人男主角很帅。
2,朝阳区刘能,3,2019-01-01,这才是真正的把剧情糊到脸上吧，简单粗暴到让人恍惚以为在看十几年前的电影。大家现在对于好莱坞爆米花片的要求已经退步到只要它不犯错就足以感动涕淋的程度了吗。反正大过年的可以看看吧，但是估计走出影院你也不会记得它讲了什么。
0,SingLesinger,4,2019-01-20,how to be a dog owner in the 80s
0,indicent time,4,2019-01-06,早说换个编剧（顺便换掉卖拷贝，再换个演员做主角）就能解决的问题，之前一直拖，现在钱挣少了吧？
0,阿素喇,4,2019-01-13,大黄蜂卖萌那部分真尬。。。开头打斗那段就很热血
0,非魚,3,2019-01-05,老歌金曲回顾一颗星，动画版造型的汽车人一颗星，最后一颗星给《大地惊雷》里长大了的小菇凉~
0,Enjolras,4,2019-01-04,变形金刚系列要重整旗鼓，需要解决的是剧情的合理性和趣味性以及动作场面审美疲劳的问题，很显然《大黄蜂》在这方面已经解决了一大半。青少年视角的叙事以及对主人公和大黄蜂之间的关系的深度刻画使得影片呈现出了一种“ET式”的温情，也使得影片的故事更具张力。动作场面方面，汽车人与霸天虎之间的战斗很难直接创造出新的表现形式，但是这一部在近身的格斗中，不再是以前的那种无限的撞击翻滚以至于“敌我难分”，而是在对抗中还夹杂着格斗动作设计的痕迹，一定程度上提升了观赏性。最后的铺垫不知道会将下一步作品引向何方，还是希望这个系列可以重现光彩吧！
0,pipboy,3,2019-01-04,公映3D
0,王小叶儿,3,2019-01-16,成长烦恼，家庭关系，重塑自我，方方面面做得周全却也显得不够出挑。但最好的地方是大黄蜂人设做得太有趣了，很像系列的第一部的感觉，满满少年感，太棒了。
0,周扒皮,4,2019-01-13,"可以说洗白第五部在心里糟透的印象
很顺畅地讲完了故事
人类这边没有坏人，与父母关系和解，交到新朋友
打斗真的挺克制了，但是这么容易打败反派，不过瘾
为什么女主每次穿短牛仔，里边都有打底裤?
女主有点像刚力彩芽
BEE真的萌爆了\(//∇//)\，打架时还会秒变脸型

看到黄色就想起小黄车的押金还没退我"
0,mamieliu,4,2019-01-11,大黄蜂太可爱了......
2,Mickey,3,2018-12-29,take on me响起的时候老泪纵横......
1,Favillae,4,2019-01-09,卖拷贝还是制片嘛。我也想在过生日那天捡到一个BBB啊，前提是我要会修车TT 柱子哥啥时候到地球的，也不来帮BBB一把，开车速度就是慢啊，也没交代他怎么杀出重围的。虎子们既能变车又能变灰机，为啥车子们就不能变灰机，明显不公平。心疼飞过山只露个脸就被劈两半了。下部想看到救护车和千斤顶。Bee毕竟长得Q萌(战斗模式脸挺帅的)，在哪里都是人类保姆。想想女主要捡到的是柱子哥？剧情该如何发展？。。。
0,cliosong,3,2019-01-04,（6.5/10）这次好歹像个电影了，即便烂梗还有一些，S7继续犯蠢。代价是相对于一部“变形金刚”电影这更像是一部青春片，这系列还有没有出路依旧不好说。
3,猪大腿,5,2018-12-21,上一部变形金刚也敢叫The Last Knight？明显这部的导演Travis Knight才是即将挽救这个系列的真·骑士。纯真而勇敢，渺小而绚烂，敏感而坚强；完美的Bumblebee，完美的某乐队，完美的Hailee Steinfeld（和她自己唱的片尾曲）。
0,阿良,3,2019-01-04,The smile is powerful thing.
0,Hengcuo,3,2019-01-13,机械萌和女子力的常规套路~
4,达斯佛™,2,2019-01-06,除了造型回归G1算是符合期待之外，讨厌的角色、生硬的过渡以及毫无创意的80年代元素运用，都让我在这无聊的周末里看完之后觉得更空虚。
0,寒狐传媒,4,2019-01-19,萌物。棒棒冰。
0,高等游民阿朽,3,2019-01-04,就是个萌宠片，汽车人白白叫的高智商了。
0,王深林子,3,2019-01-20,导演还是可以继承下亿万家产，万一呢……感觉预算不是很够啊，电影院看视效一般般，而且teen抓马路线还不过时吗，似曾相识到提不起兴趣，反倒是大黄蜂原声好好听的，但设定一定会哑巴，小小遗憾
0,爱屯最可爱,3,2019-01-20,男票评价：前半部分一直被打，后半部分打的不过瘾。大黄蜂给人一种弱小的感觉。男生果然就是会关注打戏爽不爽。我最想吐槽的是，女主对大黄蜂说，我又找回了自己。怎么你就找到了自己…你自己是啥啊……
0,亲爱的猥琐猪,4,2019-01-05,不是变形金刚系列里融入了青春风，而是一个青春故事里混入了几个汽车人，一些细节很让人触动，选曲也不错。有点蜘蛛侠返校季的氛围。开场赛博坦的坠落，两边的造型都挺还原以前的动画，这点好评。看到最后，原来这是前传？甲壳虫版的大黄蜂太可爱了。
1,二月鸟语,3,2019-01-06,有趣的导演，大年初一上映就真的是合家欢。如果让卖拷贝拍，追车戏肯定会各种炸车，但奈特就用一些小幽默来化解掉了，不仅省钱还有趣。看好这个导演。
2,SELVEN,3,2019-01-04,60/100 海莉如果能和大黄蜂吻在一起，本片可能就封神了。（我开玩笑，还是不能）
0,Zan.,3,2019-01-12,3.5星。实话说，影片给我的总体感觉中规中矩。相对于变形金刚系列电影而言，本片在视效方面亮点着实不多，毕竟该有的几乎也都让卖拷贝用了整整5部电影给玩尽了，难免审美疲劳。整体格局并不大，占据全片近乎一半以上的纯娱乐性片段几度令人怀疑这竟是一部科幻大片…这三星都算是给大黄蜂的吧。当然，人物造型设计方面显然更加贴近于变形金刚原著漫画了。本片摒弃了卖拷贝以往的狂轰滥炸、杂乱不堪的特效场面和贯穿始终的乏味无比的剧情，着力于对人类与汽车人之间感情的刻画和人物性格上的塑造，这对于肩负重启变形金刚宇宙之责任的开篇之作来说无疑是一种明智之举。大黄蜂那甲壳虫车的蠢萌宠物狗设定使得影片受众群体更加偏向于女性和儿童，而这一点恰恰是我十分不喜欢的……除非你是刚丝或时间宽裕，不然我对于这部电影还是抱着不推荐的态度的。
