4276,我是所有人的BFF,4,2018-12-02,"谁能想到索尼居然在2018年的最后一个月用一部超级英雄动画挑战了迪士尼在动画奖项上的霸权？
虽然主题上还是老调重弹，但动画在内容和形式上的选择远比真人影片自由。漫画式的视觉呈现，极具个性的色彩搭配，诞生了最贴近漫画原作的蜘蛛侠作品。六个蜘蛛侠各具特色（其实不止六个），但颓废版的Peter Parker无疑是我的最爱：一个步入中年，陷入人生低谷，却依然有着自我牺牲精神的英雄。哪怕嘴里说着不要让我听到“能力越大，责任越大”，却还是身体力行地实践着这句话，蜘蛛侠精神的最完美体现。
最佳蜘蛛侠电影！最佳斯坦李彩蛋！最佳片尾彩蛋！"
2386,桃桃淘电影,4,2018-12-06,今年最好看的动画长片了。视觉实在太突出，冲这个就可以二刷了。还有很强的漫画感，各种字幕、对话框、随心所欲的画风与丰富的视觉元素。同时，剧情也不落后，精彩又有趣，何况还有六个蜘蛛侠大聚会。能把一个老套的超级英雄成长话题，讲得这么吸引人，甚至还有泪点。片尾字幕致敬了斯坦李，以及，千万不要错过最后的彩蛋哦，非常好笑哦。
1725,影志,5,2018-12-15,每一分钟都是惊喜！爸爸我爱你、零鸭蛋、卖蜘蛛服的收银员斯坦·李、“让他良心不安！”、穿斗篷的蜘蛛侠、有肚腩的中年发福版蜘蛛侠、蜘猪侠…哈哈，先笑一会儿…“知道自己不是一个人的感觉真是太棒了” 整个观影心情就是：新奇-大笑-感动，此起彼伏接连不断。“最让我们难受的是，你不能每次都救得了人” 机甲蜘蛛侠装备损坏时的那个“爱你”，是堪比《月球》Gerty机器人出现落泪表情的感动瞬间。爸爸的那句 “有时候人和人的关系会变得疏远，但我不希望这发生在我和你身上” 简直让人暴毙。这部电影就连剪辑、配乐等技术都是动画里的一流，2018年度动画最佳！
1309,舌在足矣,5,2018-12-10,自山姆·雷米「蜘蛛侠2」以来最佳蜘蛛侠电影！无论是漫画式的画风，还是迷幻的色彩，动画的形式彻底释放了多元宇宙的潜力，第三幕的异次元大战更是好莱坞动画近年来最具想象力的一幕。文本方面，既有蜘蛛侠一贯的成长的烦恼，还通过平行宇宙引入了超级英雄的中年危机，更不用说对蜘蛛侠系列各种老梗的致敬与恶搞，以及可能是最好的斯坦李客串。最讽刺的是，这片里出现的每一个蜘蛛侠都比现在MCU里荷兰弟的版本有趣
896,掉线,5,2018-12-16,【A-】不好意思，这才是今年最强漫改电影，甚至可能是史上最好的蜘蛛侠电影，海王复联3什么的，都可以歇歇了。你所能想象到的，类型片在好莱坞工业流水形式下达到最高水准。五星的剧本，五星的视觉调度，五星的艺术设计，连配乐都好到无可指摘。这是一部能让所有对特效大片感到厌倦的人，在影院重燃激情的经典之作。
645,桑下,5,2018-12-19,我这是什么命！一年看两部带Peter Parker的电影，一年为他哭两次！这是海澜蜘蛛吗？！！！！
595,凌睿,4,2018-12-16,"1.电影讲述男孩迈尔斯被受到辐射的杨永信咬了，变成磁爆步兵、雷电法王，获得“电击疗法”的技能，从而打败敌人的故事。
2.白人、黑人、男人、女人、大人、小孩，甚至猪都当了蜘蛛侠，唯独没有中国人，建议封杀。
3.从《独立日2》到《毒液》再到《蜘蛛侠：平行宇宙》，QQ的业务已经拓展到了外国、月球，以及其它宇宙，腾讯已经称霸银河系，成为宇宙第一企业。
4.电影很戳泪点。
号称“最屌丝”的超级英雄都穿上了OW联名AJ1，我看着自己的阿迪王默默哭出了声。
5.一年死两次彼得·帕克，每次都有新感觉。
【内地版片尾无彩蛋】"
669,赵卫卫,3,2018-12-16,中途一度想睡去，就是偶然被毒蜘蛛要了一口成了蜘蛛侠打败了恶人包括自己的亲叔叔，这个老掉牙的英雄模式有啥好热捧呢？画面是不错，但这还是一个平庸的故事啊，为什么豆瓣开分9.0？这个世界真疯狂
357,大聪看电影,5,2018-12-07,"斯坦李说：蜘蛛服会合身的，总有一天它会合身的。听完这话有些惆怅。影片用斯坦李这句话贯穿影片，新塑造的颓废蜘蛛侠，面具下是我们平凡人的日常烦恼，超级英雄也是人。为何要做动画片了，因为那惊奇的镜头运镜，丰富的想象力，炫彩的颜色，是真实拍摄无法比拟的。
最后字幕有彩蛋，别走开，正式开启多宇宙蜘蛛侠。"
304,亵渎电影,4,2018-12-20,看了场IMAX，非常爽，比真人版的超级英雄电影更爽，特效场面非常酷炫，而且还干净，画风就像漫画分镜直接动起来，有很多想象力和表现力爆棚的镜头，是真人电影无法达到的，这就是动画的优点，就算它画一些真人做不到的东西，你也会相信，还会觉得酷，因为它是动画有别于真人电影的魅力所在。虽然有7个蜘蛛侠，但还是噱头式的彩蛋人设，7个蜘蛛侠更是共用一个演过无数遍的老掉牙的故事，虽然无聊了点，好在视觉效果真的非常酷炫，看到这部的完成度，以后都不想看那些所谓的国产良心动画了，想追上人家这水平这业务能力，真不知道是什么猴年马月了。
319,APTX-4869,5,2018-12-08,"我TM吹爆！这是一部看完想让人出去荡秋千的片！华纳应该来看看多个不为人所知的超级英雄的电影怎么拍！有成长有救赎有令人想哭的死亡也有令人捧腹大笑的场景（还不是妇联那种强行联动）还解决了一直以来的cp站队问题！高中组配Gwen成人组配MJ！画面太美了（这是我见过的最会玩的片头logo）（回头等bd到了截图自己打印海报去） 配乐又长又棒还经典以及各种应景（所以ost也是躲不掉的了） 最后 给那些看不起动画片的人一句""Do you have a problem with comic?"""
262,徐若风,5,2018-12-16,"从头到尾全程炸裂，简直都要从银幕上炸出来了。塞彩蛋、组情怀、家庭情感，每张牌都打炸，一举超越MCU的所有真人超级英雄电影。
平行宇宙的拼贴概念不仅打破了次元壁，还打通了动画电影和漫威漫画的界限，同时也贯通在了美术作画和主题核心之中。实在是太棒了。"
209,陀螺凡达可,4,2018-12-16,今年最好看的商业动画片，美漫改编电影的最完美形态。
287,貓之,2,2018-12-17,视效可以，编剧略烂。
193,木卫二,3,2018-12-14,“做你自己”的老生长谈，以及又一套颜色正确的、绝对安全低龄、纯娱乐向的宇宙拓宽类型，尤其是穿插而来的其他“被咬”宇宙，真的是画风乱飞，最后全幕乱扭。
155,同志亦凡人中文站,4,2018-12-15,看过的蜘蛛侠系列最佳，漫威这是要冲击奥斯卡最佳动画的节奏啊！六个宇宙的蜘蛛侠（女）集合大作战，有成长有恶搞有热血，时不时还打破次元壁一下。Stan Lee老爷子特出的彩蛋好感人~~~~~~~~~“每个超级英雄都不孤单！”
168,谢谢你们的鱼,5,2018-12-16,太特么好看了，年度最佳动画，最佳超级英雄电影，最佳镜头设计，最佳视觉效果，最佳配乐，最佳场面设计，没想到索尼哥伦比亚居然掀起了一场全新的动画革命！
185,西楼尘,3,2018-12-16,不熟悉的超能力总归会熟悉，不合身的蜘蛛服以后会合身，每个人不都是这样跌跌撞撞长成了大人。练习着弹跳节奏，把控着吐丝能力，仿佛被毒蛛咬过的身体某天开始发育，这个世界宣告你要承担更大的责任了。所以长了肚腩的彼得·帕克，最不想听这句话，只想在穿梭来的平行时空里，对心爱的女孩说一声抱歉。
154,私～川流,4,2018-12-13,我一直喜欢动画多过电影，是因为动画角色能干电影里不合逻辑的事，能拍电影里做不到的镜头。这部漫画风的动画把动画的这一特性发挥充分，也是很可爱了。老彼得帕克又丧又帅的。
131,翻滚吧！蛋堡,4,2018-12-13,技术上已经无可挑剔，丰富酷炫的视觉持续轰炸，还原美漫风格好评！但作为“平行宇宙”想象力还是匮乏了些，蜘蛛侠除了形态不同基本都是青少年勇于迈出自我的老路子，建议和《瑞克和莫蒂》学学脑洞。
153,罗黛若,5,2018-12-14,这才叫漫改！这个美术，这个情节，这个剧本，简直无可指摘啊！
127,Z星驰007,3,2018-12-21,已经对这种超级英雄寻找个人存在价值和成长蜕变的剧情产生免疫了，看着好累。
89,大奇特(Grinch),3,2018-12-14,《黑豹》之后继续发“黑”优势，充分发挥动画的长处，做到了真人电影无法企及的动作场面和镜头表现，利用美漫的风格做优化，但仍走不出青少年成长的老路。前半部分算不错，后面次元壁（日本女和猪猪侠出现后）打破的平行宇宙出现后，完全出戏了。116分钟篇幅无法交代六只蜘蛛，何况过了一半时间才有第三只现身，都是鸡肋。
104,Reaper,5,2018-12-05,年度最佳动画电影。甚至可以去掉动画两个字：近年来最优秀的超级英雄电影之一。迪士尼的套路统治太久了，把蜘蛛侠这种老IP如此玩出花儿来，真的太难得了。
75,焚紙樓,5,2018-12-13,給分的理由在Spider-Man: Homecoming當年就講完了。然而，即使如此，這片還是遠遠超乎了我的預期，硬生生讓「DC動畫遠勝漫威動畫」這套公論從此空出一道缺口。老帕克和小麥爾攀牆夜談的一幕可列入年度最佳電影調度top20。
91,江湖遠人,4,2018-12-22,千万不要当蜘蛛侠的Uncle，会没命的。
64,哪吒男,3,2018-12-21,有意思，戏外的人都说“大杂烩，江郎才尽”；戏里的人总说“别让我孤军奋战。”
90,二月鸟语,5,2018-12-16,年度最佳！一定要看IMAX！一定要看IMAX！一定要看IMAX！一定要看IMAX！一定要看IMAX！一定要看IMAX！一定要看IMAX！一定要看IMAX！一定要看IMAX！一定要看IMAX！一定要看IMAX！一定要看IMAX！一定要看IMAX！一定要看IMAX！一定要看IMAX！一定要看IMAX！一定要看IMAX！一定要看IMAX！一定要看IMAX！一定要看IMAX！一定要看IMAX！一定要看IMAX！
93,HiLaura,3,2018-12-20,总觉得豆瓣评价过高啊…六个平行空间的蜘蛛侠联合确实很有噱头可是毕竟是电影，延展空间有限，这么有看点的一个题材也拍得挺中庸的，而且剧情也有很多没逻辑说不过去的地方
50,风间隼,3,2018-12-16,剧情玩得很脱线，七只平行宇宙蜘蛛侠，包括勇敢正义的黑人版，一失败一玩完的白人版，还有面目模糊的黑面版、动物版、白女和黄女版，基本上把现在的种族身份政治光谱覆盖到了。动作场面是美式的硬核和绚烂，故意调低了帧数以突出力度感。有真人版玩不出来的奇趣。
110,何为,1,2018-12-18,Zzzz
56,Peter Cat,5,2018-12-19,再次验证了一个简单道理，最好好莱坞电影永远也就是每个时代最好的先锋电影。
60,Velox,5,2018-12-09,看过的视觉冲击力最强的动画电影没有之一，色彩斑斓运镜华丽，画面中填满了元素却从来不显得杂乱，更可贵的是它奇迹般地有着一个配得上这个画面的上佳故事：所有关键设定，剧情转折和人物抉择都服务于主角的成长这一主题，扣得严丝合缝。片中有6个蜘蛛侠，尤其是在男二彼得帕克更具人格魅力的情况下，叙事焦点也从未被喧宾夺主，三幕下来将这一常见的主题讲得少见的丰满透彻。高潮部分有几个无伤大雅的小毛病，但不影响此片堪为所有相似题材动画与商业片的模范。
34,张小北,5,2018-12-22,本身就是一部完成度很高的超级英雄电影，保持类型特色的同时又有颠覆和创新，而出色的动画形式又值得加1星。
49,CyberKnight电子骑士,5,2018-12-17,太惊喜了！远超过预告片给我的印象。基本锁定年度最佳动画片！画面效果，2D结合3D，立体感极强，视角丰富多样，特别是结尾几场戏简直令人眼花缭乱！场面丝毫不输真人商业大片，镜头方面更是达到了真人电影不敢想象的绚丽程度。堪称最还原漫画风格的电影/动画片：对话气泡、分格画面还有拟声词的运用都很到位。蜘蛛侠的故事其实已经在大银幕上被讲过三轮了，但本片依然能把这个元初故事讲出新意。索尼动画这次真是为漫威开了条新路。要说不足，主要是结尾故事仍然略弱，对反派的塑造依然很单薄。总结一下：年度最佳动画片！近年来的动画片突破之作，开风气之先！近年来最佳的超级英雄电影之一。0.9亿成本能做到这样，相当了不起！本片太能反映好莱坞动画片整体水准了——人家是工业推动创意，我们这里还是创意拉着工业奋力前行！
60,Steve&Ham,2,2018-12-21,黑人侠，女权侠，亚裔侠，致敬侠，甚至还有猪猪侠，只有噱头，没有个性，抢了主角的戏，没有推动主线剧情。看到一半就已经完全出戏。接着就看到左前一女开始聊微信，偶尔拍几张照片，最后发完朋友圈也心满意足地走了。。。嗯，这比电影精彩
45,土小豆,3,2018-12-19,Leap of faith究竟是怎样的一个顿悟？故事情节真的是吐槽无能…可能我本身对蜘蛛侠和突破次元壁这种事情都不感冒…还一下子来了6个…anyway 画面很适合动漫爱好者去看的会很爽 蜘蛛侠迷可以自寻彩蛋 整部影片脑洞新奇有趣 梗也不少 值得三星 但真的没有9分…
40,what'swilliam,3,2018-12-21,3.7星。It's cool but not that fucking cool。1.漫画风十足，眼花缭乱。2.官方吐槽满满。3.各版本蜘蛛侠集合后，画风突变，有看王祖贤赵雅芝贾玲大战法海之感。4.蜘蛛侠集合的设定其实与迪士尼公主集合异曲同工，不过后者给路人带来的震撼度肯定比前者更高，这部的大集合其实更多是满足漫画迷的心愿。5.一直对漫画界“平行宇宙”的设定无感，商业化操作意味很浓，感觉和肥皂剧编不下去了另起一页重写差不多。
38,内陆飞鱼,4,2018-12-21,这个片子玩高级了，就像掉进一个绚丽的万花筒，沉溺在色彩缤纷里无法挣脱，就像戴着耳机打电玩，每一步踩着拍子前进，目不暇接，耳不暇闻，白人、非裔、亚裔，甚至宠物界、机甲界都讨好了，要想象力有想象力，要人物有人物，要三观有三观，好看，好听，好玩，可能是明年奥斯卡最佳动画长片了。
27,法兰西胶片,4,2018-12-22,汤浅政明：我才是最大的IP。
31,寒枝雀静,4,2018-12-21,B / 蜘蛛网的视觉形象简直完全契合这部里打破时空结界的概念啊。在最cliche的剧情里利用动画形式插入了好几次有趣的时间皱缩，从而完成了套路中的自我解构。叙事的节奏变得跌宕生姿，略有残缺的剧作也发散了出来。彻底被丧Parker圈粉，去平行时空偶遇一个相识又不相识的人然后突然和ta说对不起可真是浪漫到吐血......
35,时间之葬,4,2018-12-21,从视觉和概念而言，这就是属于大银幕的波普艺术
30,把噗,5,2018-12-21,燃哭了，年度最佳之一。
42,架构师,1,2018-12-21,特效场面和城市的夜景画面，如果是真人版的话一定是一场视觉盛宴。然而是个动画片，动画片有什么好看的。假如《速度与激情7》拍成动画片你会看吗？肯定不看。这个同理。
56,huang,2,2018-12-21,咋感觉没有以前动画片好看了。配音尴尬……剧情还是那样，也就特效比较好，两颗星……
45,CWW,1,2018-12-21,小资的精神鸦片
22,王大根,4,2018-12-22,视效真的是大型嗑药片，蜘蛛侠对于平行世界的自己的幻想果然也是（像钢铁侠一样拥有无数战服的）有钱人！
42,Lacie,3,2018-12-16,画面很牛，故事很弱智
37,阿德,5,2018-12-16,画风、剪辑、配乐，吹爆。
21,Lycidas,3,2018-12-22,3.5 还是有点失望，视效绝对叹为观止，但内核主旨简直保守敷衍到令人无语，和黑豹同样，不是说主角换成黑人就能解决什么问题，可惜了相当不错的点子。超级英雄电影最终还是只能停留在家庭伦理的层面，也许真的无法要求更多了。
22,欢乐分裂,4,2018-12-21,核心依然是关乎「家庭」和「成长」——好莱坞主流商业类型片永恒的母题，前者描摹偏弱，但后者在众人皆知的原IP基础上开发出不俗新意，的确有惊喜之处。小径分岔的平行宇宙模式已然常见，在完美还原漫画分镜的加持下，呈现出生机样貌，群像分屏应用得当，字幕显形内心戏，剪辑配乐都相当出彩，呈现出一流的工业水准；流畅运镜与天马行空的调度，彰显动画制作的独到优势，且表现形式可谓与时俱进。让人感触的是，脱离超级英雄装备等身即开挂的窠臼，以较大篇幅刻画一个怯懦犹疑的孩子如何成长，如何在自卑惶惑中作出坚持自我的选择，以及中年蜘蛛侠与常人无异的各种人生困顿，两两相照，各自寻回接渡自己的方式。较有遗憾的是，蜘蛛侠大会，另外几个角色有凑数酱油之嫌。
20,无耻不混蛋,4,2018-12-16,年度最佳漫威超级英雄电影，必须是这部动画片。一下子集齐了“6大蜘蛛侠”，以非常规、反套路的方式，打破了各种“次元壁”，少年蜘蛛侠与彼得·帕克在树林里荡蛛丝以及最后的高潮段落，画面之瑰丽炫目，我已经无法用言语来形容。最具魅力的彼得·帕克，最好的“蜘蛛侠成长故事”。
17,路西法尔,4,2018-12-21,贝吉塔老师早有明言：不要和搞笑漫画人物打架
9,太阳共和国,4,2018-12-24,既然都逃学看龙猫了，不如就把它一起看了...故事并不特别，特别的是视效，如果不是这个视效，同样的故事，可以想象一下会减多少分。所以在影片中故事没有那么重要，至少没有好莱坞说的那么重要，重要的是所有因素的综合效果。一部不好的电影不是故事不好，而是综合效果不好，牛逼的导演照样可以把烂故事拍得抓人，特吕弗甚至说一个好故事因为太好了，整个电影会受制与它，所以一定拍不出好电影。这视效算是另类风格（游戏，MV，广告）的一次逆袭，主流总是把它当成不入流，说这种花里胡哨的视效无法支持电影时长，且难以被大众接受，现在我们知道主流错了，它不但能够支撑，能够被接受，而且还做得很棒，甚至有可能反客为主，这可比一根筋地用3D技术做拟真的动画好太多了，希望它能为CG动画产业带来一些改变。
13,文森特九六,4,2018-12-22,阿萨亚斯的言论再次被验证:好莱坞用最顶尖的技术生产最大众的实验艺术。剧作的常规、口水和瘦小被迈出通俗半步的视听调度所托起，漫威&迪士尼惯用的审美定式终于被辩证的丢弃，已消失十余年的汉纳·巴贝特卡通风格于此东山再起。
14,儒,3,2018-12-21,在美国动画里这是形式创新，但在世界动画就不算啊；看的时候想到了京骚戏画和双斩少女，这部对我的形式震撼远远达不到那两个TV动画作品，然后我自问，如果那两个作品连续给我放120分钟呢？想了一会还是觉得会比这个好看多了…不怎么新鲜好看的形式还套了一个superhero大俗套故事，纽约也没有被新形式表现出什么新感觉，まだまだだね
13,天马星,5,2018-12-21,毫无疑问这是今年最好的漫改电影，还原了漫画的视觉效果酷炫先锋，人物弧度与节奏的完美把控使得116分钟无一幀废戏。向马奎尔的初代蜘蛛侠和加菲尔德的超凡蜘蛛侠的一一致敬，完成了一次超越蜘蛛侠的自我传承，重新续写了邻家英雄史诗，最后归结到「人人皆为蜘蛛侠」的信念，不正是每个爱上《蜘蛛侠》的漫画迷的初心吗？鉴于今年冲奥片子的质量，我真的想把奥斯卡最佳影片、动画、改编剧本、视觉效果、艺术指导、原声配乐都给这部电影。
15,黄青蕉,5,2018-12-30,感觉又一个电影技术新纪元开始了，而蜘蛛侠还是画风最酷炫屌的那个英雄
26,SleepWalker,5,2018-12-16,年度最佳动画比以往来的要晚一些，而且也是今年最佳超级英雄电影，接受反驳，但别找我。在大银幕上首次看到漫画感如此强烈的动画电影，2d与3d的无缝衔接相当漂亮，无论是生活场景还是动作桥段都无可挑剔，能截图拿来当壁纸的画面数不胜数，美术设计加一百个鸡腿。登场角色繁多但处理得当，笑点频出好不痛快。而故事的内核在绚烂的表象之下并没有羸弱不堪，关于主角自身蜕变的内在动力清晰明确，比如今用外在动力驱使着主角去完成一个又一个任务而敷衍塑造的一系列扁平化的真人超级英雄电影要强不少。这也能够使人们回过头来思考那个最初的问题，为什么我们会乐此不疲的痴迷超级英雄电影，因为“人人都可以戴上那个面具。”不多说了，现在我得打开ps4去扮演彼得帕克了。
13,犹在镜中,2,2018-12-24,跟我讨厌看美国那些实证研究一样，精致的平庸，掩盖一切差异，追求虚妄的pluralism.
21,YthguaN,5,2018-12-16,PP&MJ的cp老粉激动哭了 我永远爱这位好邻居
12,瓜子酱,3,2018-12-07,索尼今年大力开发蜘蛛侠宇宙的又一大动作，包括之前的《毒液》之内的连扳两城？直接抛出平行宇宙概念，变出数位蜘蛛侠，成功扩大了蜘蛛侠IP的宇宙空间，在抵抗漫威的路上越来越有叫板的实力。抛开其他，其实这次的延伸毫无新意：一个还在校园、用QQ、穿AJ的黑皮肤新蜘蛛侠主角。本来他的警察爸爸、反派叔叔是很有趣的设定，但叔叔这集就领便当，爸爸虽然这集还没相认但估计以后也是个搞笑的主。不过，平行宇宙这概念就保证多少年粉丝和票房了，未来与过去的穿梭也能让彼得帕克做更多事。这是要一直拍动画片的节奏。这不，下集就是1967年的蜘蛛人了，会不会和现实世界的斯坦利老爷子有交集？一颗赛艇！
17,柯里昂,4,2018-12-16,三星半。看完有一股赶紧把已经吃灰整两个月的漫威蜘蛛侠重新耍起来的冲动。
11,恶魔的步调,5,2018-12-22,literally看哭啊。虽然是ＣＧＩ，但比较有意思，ＣＧＩ贴上了漫画网点，还有许多像对话框啊之类的漫画原生态元素，而且做成了定格动画的节奏——之前有人说可惜有点帧数不足，说是可能国内硬转3D电影的关系，如果真是那样，那就无心插柳了——但说回来，如果真做成定格动画，那此片真的可以传世啊。
16,九只苍蝇撞墙,4,2018-12-22,3.5。虽然每个好莱坞片都是以亲情团圆家人拥抱作为恶俗的结尾，但这一版动画片过程眼花缭乱和漫画形式结合得恰到好处，算是美式视觉创造中一个不那样无聊俗套的有趣小型爆发。遗憾的是我认为的最亮点潘妮帕克和她的蜘蛛侠机械人没啥特别出彩的表现机会。
8,思路乐,5,2018-12-22,没得说了，年度最佳动画电影&最佳超英电影。视觉效果简直无敌，现在动画基本都是2D的平面风格、3D的精美画面或是三渲二那种不伦不类的画风。而这部电影简直是场艺术盛宴：2D画风的延展和柔和+3D电脑制作的空间感与细节精密度；夸张的运动镜头和色彩设计；极其带感的掉帧画面感；配上网格底面、拟声词和台词框所特地营造的漫画感，那种浓厚的画面表现力简直要冲出屏幕一般令人难忘。完美的践行了那句名言“动画并不是单纯的炫技，而是服务于实拍无法呈现的剧情”。这已经不是单纯的商业动画了，这是艺术。就动画的艺术性而言，我想在近五年的所有动画片里只有《春宵苦短，少女前进吧》能够与之相抗衡。
18,谷十二,2,2018-12-21,垃圾3d效果
9,NullPointer,4,2018-12-23,蜘蛛侠的飞索和跳跃的合理性背后是城市即丛林的合理性深入人心。从这个角度说，美式超级英雄已经进入了现实世界。。而中国的武侠还是只能藏身于历史的罅隙间，在反复火烧红莲寺和霍元甲陈真叶问三代拳打洋鬼子之后，侠影远去，和我们的世界再无关涉。这时候不由得羡慕起在每个分支宇宙都有蜘蛛侠出没的纽约了
16,JIMMYs,1,2018-12-22,大失所望，这部电影的配音，在我看来是制作事故了，所有配音几乎都没有情绪，让观众的共情感为零，浪费了精美的画面 #最强贺岁档#之#蜘蛛侠：平行宇宙# 补充:我很喜欢这影片的预告片，所以尽快去看了，看的英文原版，但是发现所有声优都是一个平淡的语调，可能是故意这样配的，但是我觉得效果很不好，让观众没有代入感 。再补充: 从预告片我就觉得本片负责画面的导演或者美术，是天才级的人才，只是万万没想到，天才严重偏科了，智力点都加在了视觉上，这部片的听觉方面上灾难级的
12,妙可中国,4,2018-12-16,年底的大惊喜，用动画形式呈现了真人电影所无法制造的视觉奇观和场面调度，尤其是与漫画的结合及多画风的兼容都足以让观众沉浸在这种快节奏中，即便是近乎乏味的英雄成长故事也在这种大解构当中焕发新生，至少不落俗套。ps：开场就对蜘蛛侠3里那段愚蠢舞蹈的调侃先让我大笑三声！
15,内有恶犬,4,2018-12-14,复古美漫风格绝赞，网点质感清晰可见，完全是一本动起来的漫画书！小黑蛛的懵懂诞生和隔壁宇宙彼得·B·帕克的中年危机并行，六个蜘蛛侠各异画风的碰撞每秒都有惊喜。年度最佳超英电影，还附赠一颗史上最棒的斯坦·李彩蛋。
10,猪大腿,5,2018-12-19,隔壁迪士尼再来二十个公主也不是这Fantastic 6/Big Hero 6/666个人的对手。如果你喜欢蜘蛛侠，如果你喜欢看漫画，如果你喜欢看电影，你一定会爱上这一部。片尾字幕泪目。
15,TWY,4,2018-12-15,今年最喜欢的超英，毫不费力地引入漫画平行宇宙的概念，并优秀地再造了蜘蛛侠的故事，提醒了我们为什么他一直会是最具人气的角色。
14,阿暖,5,2018-12-16,今年最喜欢的超级英雄电影，可能也会是喜欢过的唯一一部超级英雄电影。以为最大看点会是超酷的视觉风格，没有想到还是被青春片的内核抓住。我真的不能看青春片，怎么可以这么温柔……哭到最后落荒而逃。
7,圆首的秘书,5,2018-12-21,"4.5 《蜘蛛侠：平行宇宙》是一部漫威电影。这是一句废话，但要从两方面说：一方面，在视觉创意和空间呈现上，影片在今年所有动画片里罕有敌手，几项视效专利绝对不是盖的，而根本上说，这又得归功于影片从各个角度重新归拢了“次元”这个概念——2D和3D，漫画和动画，日漫和美漫，代表“过去”的黑白和“现在”的彩色，以及物理上的次元：水平的和垂直的，此宇宙和彼宇宙。它源于漫威，但也高于漫威，两个小时看下来，绝对让人眼花缭乱。
另一方面，影片的文本水平却始终滞留在漫威次元里，实在有点尴尬，哪怕一股脑地把男性与女性、白人与黑人、人与动物、儿子与父亲等等揉进故事当中，未免还是有些单薄。"
23,hello_story,5,2018-12-14,"我心目中的年度最佳动画电影！以前的蜘蛛侠电影看的时候总觉得有点遗憾在于，把从获得能力到变身超级英雄的过程简化了，仿佛拥有能力就能所向披靡，但这部电影充分展现了从摩天高楼一跃而下之前需要集聚多少勇气和决心。
酷炫的美漫风快要溢出银幕，平行宇宙碰撞的视效十分华丽，原声配乐真的好听到哭！笑点、泪点还有属于每一个蜘蛛侠的闪光时刻，应有尽有。开头Peter的牺牲和Miles父亲隔着门的自白最戳中我。剧情其实并非真的不落窠臼，但是各方面的高水准足以弥补。对于一部漫画改编的电影来说，好像也没有什么别的可以要求了。奶一口明年的奥斯卡最佳动画长片！
2018.12.07 @ODEON Limitness Preview"
9,生人回避,5,2018-12-22,当迪士尼以为自己用《复联3》和《无敌破坏王2》坐利渔翁横扫颁奖季的时候，索尼求生欲极强的先后甩出《毒液》和《蜘蛛侠：平行宇宙》赶上末班车以示友好。
15,peter,5,2018-12-13,满分！年度前三！炸裂！
7,雨前羽街,5,2018-12-21,真是棒，感觉被人家远远的甩开了
18,Grey,3,2018-12-21,视觉很出彩，但毫无节制，疲劳
14,猴头虫,5,2018-12-16,太好看了！太炫了！二维和三维的切换，对话框和分镜的植入，漫画用大小写文字的声效！看得出来就算科技再发展，也要把经典二维手绘留住的那种力量！
23,银谷,5,2018-12-17,好看到电影结束你想和大街上的陌生人手拉手在寒风中转圈圈，无敌的视觉效果彻底激活了你身上每一个被生活，被寒冬摧残的细胞。6个蜘蛛侠每一个都比真人版的有趣，美漫风格的分镜画面与节奏音乐的配合堪称完美，简直是灵魂画师和灵魂配乐者一边热吻，一边听着最High的摇滚乐制作出来的杰作！
9,路有冻死宇,3,2018-12-21,从小黑哥被咬到目击年轻彼得·帕克孤军作战，几乎没什么危情的铺垫，死亡来得非常突兀，催促其余人物登场的意图比较明显。“真人电影达不到的程度”本应该是做动画的基本要求，但恐怕《无敌破坏王2》更配得上这个评价。这部蜘蛛侠酷则酷矣，但是质感像是升级版的综艺素材包真心让人出戏。老套的剧情配上平行时空的设定就脱俗了吗？不，是乘以六的疲惫感，今年最好的动画仍是《狼屋》。
9,判官赵,4,2018-12-16,视效和声效爆炸，基本没尿点，把“世界（宇宙）上另一个我”的概念玩的太好了，简直泪目，相反黑蜘蛛成长这条线就中规中矩。决战场面那么长真是有钱了不起噢。各种玩梗，最喜欢萝莉蜘蛛侠和废柴蜘蛛侠。今年北美动画炸了。
7,超人叔叔,3,2018-12-21,新颖的英雄叙事角度 动画中的刺激和冲突程度远超电影；可惜3D很减分 今年唯一一部看到头晕 可以说体验很不友好了.....IMAX34
9,何小沁,4,2018-12-17,当蜘蛛侠真人电影在不断翻拍中落入窠臼，这部动画版带来十足新意，无敌破坏王2令我失望后，这部可以登顶年度最佳动画了。特效总会有天花板，而动画片天马行空的想象力、灵活酷炫的运镜和动作设计打破了这层天花板。这一次我要抛弃迪士尼，大喊一声索尼大法好。本片不仅重新盘活了蜘蛛侠IP，更以平行宇宙的巧妙方式将散乱的美漫原著进行了一次整合和推进。一个小蜘蛛已经够逗了，六位蜘蛛侠一起耍宝斗嘴简直不能更热闹，不禁要佩服主创们的脑洞。在全世界动画都越来越皮克斯的时候，还能看到这样的复古美漫风，看到2D/3D画面、来自不同次元的角色如此自然而富有创意的拼贴，看到酣畅淋漓的热血打斗，弥足珍贵。在无与伦比的视觉体验之外，超英片传统的成长故事线亦没有敷衍，是一部没有短板的爆米花大片。斯坦李去世后的第二个彩蛋，台词泪目。
4,色烈芬_,4,2018-12-21,叹为观止 视觉上精彩得让人舍不得眨眼 因为是动画 所以所有的绚烂都可以更加放肆地天马行空 特别是最后boss之战 五彩缤纷的气泡在眼前爆炸真是说不出来的爽！值得一提的是 电影的分镜加上字幕蹦出来的漫画感 让这英雄式电影新颖又复古。剧情发展也high 平行时空的六个蜘蛛侠共同作战能不high吗 不过如果6个人（有一只是猪？）可以多一点戏份就更好了。最后想对第二个纽约的Peter Parker说 你回去之后一定要好好减肚腩哦！
6,心生,4,2018-12-22,高潮大战这个酷炫感，真的是逆天了，之前《奇异博士》中也有过类似天旋地转的酷炫，但由于这部是动画，视觉效果上得以更加自由奔放、登峰造极，看着太爽了。平行宇宙来的几位也都挺赞的，尤其喜欢暗影蜘蛛侠，还有女蜘蛛侠也太帅了。故事拆分开来其实还是老套路，但是借着平行宇宙还是玩出了新感觉。画面做了大量漫画式的效果，尤其是打斗时，非常有趣，漫改影视用这种手法处理实在太合适了。
8,弓谷所長,4,2018-12-16,"原来动漫还可以这样拍，原来蜘蛛侠还可以这样拍，了不得！
动次打次的音乐忍不住跟着节奏摇起来了，对这样抓节奏的剪辑毫无抵抗力。
戴上面具每个人都可以是蜘蛛侠，这是多么难忘的情怀啊！"
6,顗禮,4,2018-12-23,"“每一个面具下的人都可以是蜘蛛侠” Stan不是说了嘛，衣服总会合身的！
年度最佳动画&超英电影，除了第三幕有些太赶时间了外基本无任何明显缺点，一次在IMAX大银幕看漫画的绝佳体验。
PS.凯奇大叔和派派的声音不要再有辨识度
PPS.我爱海狸妹子！！！"
6,OreoOlymLee,3,2018-12-21,在主流真人漫改电影的分镜与画面质感（基于绿幕拍摄）越来越趋向动画，而动画电影则反之的当下，它做的只不过是很认真地拍了一部正常的动画片，仅此而已。唯一有点意思的应该是两种视觉形象的交汇（平面的与立体的），每当需要传达一种错乱的感受时画面就需要在这两者之间不断地切换，侧面印证物理层面意义上观众被发行方因敛财而强行固定在“3D”的观看方式是多么无知且滑稽。
9,Ricky925,4,2018-12-15,一个特别老套的成长主题配上穿越题材、平行时空的概念和美漫画风，这部片的优点和缺点都很明显。此外，片中流畅的打斗场面，特别是人物顺畅地在不同时空和平面的穿梭，相信会给未来超级英雄电影中的动作场面带来启发。相比起人生导师和伙伴的情感戏，主角的家庭戏就显得弱了很多@百老汇电影中心
11,基瑞尔,4,2018-12-02,突如其来的超前点映，成片大大的映照着那句“Everyone is the Spiderman.”。 无论是早期三辑的“凡人英雄梦”还是荷兰弟领衔的靠嘴炮和幽默在出场众多的英雄中被人记住，这部电影都借由“每一个”出现或曾经出现甚至是不同影视作品中的蜘蛛侠让观众再一次记起这个角色值得为人喜爱的特质：平凡、真实和质朴，我想这就是这部野心并不大的动画片最大的意义所在。说回配音，A Special Shout Out to 木兰尼！“Spider-Ham”配得也太太太可爱了。 PS 无论是老爷子的cameo还是片尾彩蛋，均蕴含着用心的设计和惊喜。绝对是年底前最让人难忘的感动和爆笑的观影环节。（国内上映后要二刷！）
5,囧之女神daisy,4,2018-12-22,剧情还是俗烂的super hero套路，但是就视觉上而言，说是开创了动画的新疆界都不为过啊。
6,发条橙,4,2018-12-22,好high哦～感觉剧情达到了高潮，感觉观感已经到达了巅峰！好震撼，好夺目好炫彩，啊～那么多蜘蛛侠在看我！
26,Qureis,2,2018-12-21,无法欣赏
12,TimberNord,5,2019-01-01,目瞪口呆，这电影得建多少模？！？！
5,陆支羽,4,2018-12-23,4.5。
9,星之马文,5,2018-12-17,就凭最直接的感官体验看五遍不过分吧？谢谢有创造力的导演团队带我物理飞😭😭 我的获奖感言发表完毕了（ps 起码出现了三次42 （pps塔奇科马友情出演，塔奇科马果然是蜘蛛啊！
4,科林,5,2018-12-25,遁 入 虚 无
6,桒,5,2018-12-22,只想说，WOW! 电影在很大程度上满足了同人粉内心深处的渴望，好比一千位读者的眼里有一千种对超级英雄的想象与内心的自我投射，跨越种族、性别、年龄和时间，所有的形象叠加起来，汇成面具后的TA。英雄并非个人主义，是心中的符号和信仰。看完后内心被很好地慰藉了。若无平行世界，超级英雄永远疲惫，无数次地对抗世界且形单影只。在此片里，他们短暂相遇，获得了永恒的盟友。父子情和官方吐槽，满分。动态3D的银幕漫画效果，满分。次元壁被打破，宇宙开始坍塌时的特效，满分。最后想说，真人演绎实在没法赶上二次元的瑰丽和中二感。唯一遗憾的是，我所在的世界里还没出现超级英雄，至少现在还没有。
7,X教授的傻儿子,5,2018-12-16,说它是漫威最佳动画也不为过，一个蜘蛛宇宙够索尼吃一辈子了。
16,杨喧,2,2018-12-23,我今年下半年到底看的都是啥
6,夏尔的中土世界,3,2018-12-14,还不错~冷幽默不断，各种画风的蜘蛛侠大杂烩。很多镜头很棒，漫画画风很合口味。唯一弱的是剧情。
3,五指毛,5,2018-12-31,制作的牛逼不说了，信息量之大看完有点懵逼，至少三刷才能完全看明白；漫画和动画之间的审美尺度把握非常完美；剧本对美国各阶段文化和不同族群的文化特色把握之精准简直妙到毫巅；那些个懂几个编剧名词就说剧本转变生硬的，我只能说你们真的只是黑人电影看得太少以及对美国文化完全没认识
9,余小岛,4,2018-12-22,想起之前采访迪士尼动画《花木兰》的导演时，问到关于真人电影和动画电影的差别。对方说，动画电影最好的地方就在于能够把你所能想到的一切都做出来，你能够百分百地控制每秒的24帧。。索尼这次大概是真的做到这一点了。
4,伊谢尔伦的风,5,2018-12-30,章鱼博士简直是韩吉嘛哈哈哈哈哈哈
5,橙曦羽潞,4,2018-12-22,蜘蛛侠也算是从小看到大的英雄了 漫改的不错
3,windyisallin,4,2018-12-24,漫画感好强，喜欢黑发Peter Parker的松紧裤！
8,小脏,2,2018-12-21,请允许我说，不，不好看。知道导演想找漫画感，可是这个帧数太难受，眼睛与后脑都很疼。故事emm，硬讲大道理。画风多且杂，并不认为是“多种画风自由切换”，不，不自然，看完之后像喝了假酒，没享受到好酒就算了，还有头疼的后遗症。
4,小斑,5,2018-12-31,画面做到这个程度，情节就不重要了。那种坐在巨幅的书前翻动漫画的酸爽感不是影院无法体会。电影相比小屏的优势，动画相较真人的特色，表现得淋漓尽致。那种色彩质感分镜头，我只想在厅里举起手叫“嗷嗷嗷”~~~小细节也处理得很到位，我喜欢内心OS的对话框和跟小蜘蛛一起掉下来的AHHHH。然后想要蜘蛛猪的周边嘤嘤嘤
4,文泽尔,5,2018-12-27,很好 这就是我想要的美术风格 大法就是大法
3,殇潮|Enigma,5,2018-12-21,索尼好好拍还是暂时不会倒闭的
2,小A,4,2018-12-30,挺好看。最好看的还是嘴炮台词。很开心听到Lily Tomlin配音。之前听一些业内人士吹到跪下，痛哭流涕说我们真的不行，我们从概念上落后人家n条街之类的，我还以为美国人拍出《攻壳蜘蛛侠》了。他们自己作品出街了，说自己行的也是他们。也不知道到底行不行，反正票房最行，600亿了。
5,老阿飞—故园,5,2018-12-23,就是，酷！！！！这个概念和视觉效果，再一次走在潮流之前，门槛恰好又在大众能接受的范围内，不至于太先锋，比市场多半步的典范。剧本非常合格，而且同时完成少年成长和中间危机，全篇紧扣蜘蛛侠这个英雄的核心。尽管侦探、机器人、猪头有点酱油。但是的确今年的奥斯卡最佳动画长片有的打了！
4,YQY-Vader,4,2018-12-16,应该是今年的最佳超英和最佳动画电影。真正把漫画元素从文本到视觉上都与电影结合，平行宇宙的出现被标题剧透所以惊喜不大，但整个电影漫画式的画风十分惊喜，从片头各个公司厂标亮相就让人感到极强的漫画感，而整个电影以减少帧数的方式使画面卡顿带来的视觉效果让人再次眼前一亮，部分台词弹幕化也是对漫画的动态呈现，除了美漫元素还加入了日漫元素，而斯坦李在本片的客串更是有史以来最符合漫画家、最私人、最动人的一次，像是一次对蜘蛛侠的表白。惜于整个故事到最后很多人物都缺个结尾，叔叔的真实身份到最后也没交代，决战处浓郁的色彩乱炖略有视觉疲劳。
5,瑾朵朵,4,2018-12-24,让我们大声喊出男主的名字：迈……迈什么来着？
3,Mr. Infamous,5,2018-12-31,果真是最好的蜘蛛侠电影，不枉我假期只睡6小时就赶最早的IMAX场。杂糅了各种次元的风格与气派，人多势众却不失条理，再衬上极具冲击力的画面与配乐，加一点迷眩的颠覆、温情与绝地反击，太绝了。斯坦·李的客串已在倒数，但谈及每个人都不孤独的观点，他的出现比蜘蛛侠更有说服力与号召力。38岁的前夫也太迷人了吧，哎哎，我果然还是更喜欢30+的超英。话说，印象中第一部自觉掏钱去看的电影是《蜘蛛侠3》 (200705)，第一部IMAX电影则是《超凡蜘蛛侠2》(20120902)，也是巧了。四星半。
2,搬砖侠,4,2018-12-16,今年最惊艳的动画电影，也可能是《蜘蛛侠》系列最好的作品。美漫画风混搭各种撞色视觉设计，引入平行宇宙的设定，六种不同风格的蜘蛛侠形象打破次元壁，在想象力和视觉效果上颇为可观，即便故事情节很老套，但依旧能讲得如此有趣就很需要导演的功力了。遗憾的是，为什么我看得版本长字幕之后就没有彩蛋呢？？？
6,执麦者,3,2018-12-21,漫威最近的作品“溢价”太严重了，除了格温和颓废版彼得帕克，连同迈尔斯在内的其他“蜘蛛侠”塑造实在平庸。漫威之所以在电影领域吊打DC，是因为电影的联动做得太好。动画的设定，剧情低幼，所谓的视效不能拯救平庸的剧情。如果拍成真人电影，可以给8分，但是动画削弱了代入感，7.5分不能再多。真搞不懂北美观众是给出烂番茄过90分的高口碑的。我个人反而更期待格温蜘蛛侠的单人真人电影。
5,二十二岛主,4,2018-12-27,创意和立意俱佳，再加上最接近漫画的质感，很难不令人耳目一新。有两点很令人感动，一是传达出的人人皆是英雄的概念，在某种程度上确实能够振奋人心。二是平行宇宙间不同人做同一件事情的信念与使命感，让我想到豆瓣上这群影迷们每天在不同的地方看电影，可能在生活中不被人理解，但在这里却能被彼此影响，从而坚定爱电影的初心，这又何尝不是一种平行宇宙呢？
5,饥饿艺术家,5,2018-12-23,1，太好看了吧！想二刷！2，正在我怀疑为什么没有女蜘蛛侠的时候 Gwen 就出现了，而且发型还贼酷，雌雄同体。3，家人、朋友的最高展现形式都是「爱」。
4,方枪枪,4,2018-12-22,平行宇宙确实概念用的好，这样观众也能在大银幕上看到六个蜘蛛侠同台。但最让我惊喜的其实不是故事，而是视觉效果，除了酷炫之外，还有漫画式的呈现，虽然看起来有点偷工减料一般的讨巧，但你不能不服这种形式带给人们的新鲜感。3.8
4,樂啊樂,5,2018-12-21,我的天呐，这个画风，太炸了，今晚影评安排！太喜欢了
1,文什么森特,5,2018-12-23,去告诉世界，你已横空出世
7,队长,3,2018-12-21,蜘猪侠太违和扣一猩
10,l ǐ,5,2018-12-22,故事一般但是视觉效果只能用脏话夸赞。太特么炫了，我的动画梦想又破碎了一点。
7,Bryan·M,5,2018-12-23,"无法相信新年前夕索尼王炸了！9000万美金的成本不仅落到实处而且把形式主义玩上了天。电影充斥着漫画书风格，但立体建模的人物再把平面放映转成3D，漫画书式的平面背景（暗影蜘蛛侠最明显）与立体交织层次感十足。6位蜘蛛侠化学反应太强了，而且自己的专属画风穿插地毫不违和，人物塑造也基本达到了迪士尼水准。唯独量子对撞机告别太赶，刚来的泪点就收住，略遗憾但无伤大雅。
（海莉的配音太棒了！格温的脸模也做的很漂亮，但我pick暗影蜘蛛侠，其余你们随便）5星！！！"
4,\t^h/,5,2018-12-22,居然想喊一句索尼大法好
4,吵,4,2018-12-22,故事很平常，但是视觉效果太特别了，就像是嗑药之后做出来的幻觉
3,某J。624,4,2018-12-22,我要给一起观影的小伙伴负荆请罪，买成了国语不说，全场熊孩子+熊大人的嘈杂声简直堪称影院观感最差的一次。
6,2koo,5,2018-12-23,果然每个平行宇宙的蜘蛛侠都还是得死亲戚。
6,草威,5,2018-12-25,全程抖腿。王老师说得对，这就是电影院蹦迪。
11,康报虹,4,2018-12-16,它可能不是今年最好的电影，但绝对是视听语言最炸裂的一部动画电影。《蜘蛛侠：平行宇宙》最大限度地调动了观众的耳与眼，动感的摇滚乐和缤纷的色彩带来了震撼的视觉体验，塑造了一个科技感十足的现代都市。传统纸质漫画与前沿CGI技术的完美结合燃起了观众的热情与激情，不同蜘蛛侠（女）的同框让次元壁消弭于无形。剧情模式化、套路化又怎么样？前有《海王》，现有《蜘蛛侠》，视听体验依然是观众衡量一部商业电影时最重要的标准。
3,汽车大师,5,2018-12-21,的确硬核，也更为好莱坞体制下真人版超英片没法这么硬核悲哀。这里流畅的大片式动作戏带给我的快感应该胜过了绝大多数真人CG戏。二维加三维的漫画式动画画风有创意，虚焦位置的特殊处理我猜是模仿印刷效果？
11,沙雕电影,5,2018-12-16,多重宇宙外挂，老瓶怒装新酒。想象下，把真人电影，动画，漫画，和抖音加在一起，然后膨胀100倍，就是这部电影。光是为了这个trippy片头就值得二刷。坐等吊打破坏王拿下奥斯卡最佳动画。
6,瑞波恩,5,2018-12-21,溢美之词毋需赘言了，但可以说，这是明年奥斯卡最佳长篇动画的有力竞争者，而且胜算很大！致敬斯坦•李老爷子，致敬2000年初的《蜘蛛侠》三部曲，除了震撼的视效，还打破了二维动画与三维动画的壁垒，少见地在CG动画中出现了二维卡通角色，更出色的是，创造了一个新的蜘蛛侠英雄世界，在很科幻的“平行宇宙”里，N个来自不同时空的蜘蛛侠齐聚一堂，光这个天才设定就值得满堂彩！而且让黑人小男孩反客为主成为绝对主角，体现了好莱坞对推动种族平等事业的肯定态度，也是继《黑豹》之后又一以黑人为主角的超级英雄片，厉害吧？还等什么，赶紧戴上3D眼镜去宽屏影院high翻天吧！
9,judy,5,2018-12-20,"驚豔! 這是我覺得今年最好的超級英雄片。也是繼山姆雷米的Spider-Man2後最好的Spider-Man電影。強烈推薦看3D版本才是本體。3D加2D的穿梭。混合漫畫式的分鏡與狀聲詞。玩到飛起正是用來形容他的!!! 目不暇給的視覺狂歡。充分使用了動畫才能達成的技法。而且不只形式絢麗，劇本也沒落下。堪稱做到多而不亂，主線堅挺。真是不簡單。片中還引入平行宇宙的概念。全場出現7個蜘蛛人! 但趣味橫生的同時，卻不會掩蓋到主人公小黑蛛Miles的故事，其實好劇本不在於曲折離奇。而是能否紮實的建立人物。小黑蛛是常見的起源架構。但劇情與人物有著緊密的推進，描繪這男孩的個性、 與親人的羈絆、煩惱困境，如何受挫再成長。還有""Spider-Man""的精神所在。片中史丹李的客串，也精妙暗喻了這個""合身""的過程"
14,小泷,2,2018-12-21,这也叫好？满屏的讨好各种主义。
5,李棂夏Qian,5,2018-12-16,一直觉得蜘蛛侠是青少年恋爱电影，这一部倒是改变了我的看法。很感动，哭了几次。原来蜘蛛侠也会离婚，也会哭，也会活得那么丧，中年大肚子蜘蛛侠就算再难过也要拯救世界。
3,瓦力,4,2018-12-21,让漫画动起来的画风很赞，创意也相当不错，但第三幕就这样，是不是太无趣了点....
2,鹿菏,4,2018-12-23,父子关系看来是动画长片永恒的主题，动画视觉效果炸裂，开篇的节奏快到我想按慢放来仔细看美术，高潮城市倒挂的那一幕看的我浑身起鸡皮疙瘩，各种不可思议角度的精彩运镜也只能在动画长片里才能看到了
4,littledepp,4,2018-12-27,天呐索尼爸爸这是什么神仙画风，将静态印刷与动态影像结合成功打破了被迪士尼CG一统天下的格局，强调画面的风格化直接运用了漫画的分格线条，融合真人动作捕捉同时摒弃动态模糊，达到了前所未有的动画观影快感。
10,_王帅傅,5,2018-12-16,他们终于拍出了最好的漫威漫画，可惜斯坦李已经不在了
2,夜神月的猫,3,2018-12-30,看了首映，却一直不知道写什么好，是那个上升式的自由落体壁纸拉我入坑，但看完说实话没那么喜欢，题材OK吧，主旨已免疫，情节也挺有趣，但你说要达到八九分，个人感觉有待商榷
6,七月流火,3,2018-12-21,"画面一流，剧情三流，看到一半已经精神疲劳，看似绚烂实际不断重复毫无新意的打戏不断重复，尤其是吊着蛛丝在车流中撞车的戏码，我简直想一点五倍速。
另外，里面的人物性格可以再无聊一点吗，感觉无比重复。

最重要的是，毫无余韵。"
9,剪刀手波特,5,2018-12-16,动画就应该这样，而不是像其它动画片那样做成动画版真人电影。
3,暮空,5,2018-12-24,这几年看过的美国产的最动画的动画了，事实就是动画作为一种表现形式，就应当在视觉传达上区别于真人电影。不论是带网点的上色、2D3D混合的建模、对话框的表现方式、漫画翻书式的镜头转换，都在证明这部电影真正就是动画该有的样子。剧本也相当扎实，剧情线完整。Chris Pine的声音真有辨识度，虽然会跳戏Jack Frost和Kirk声音自带blond但还是好喜欢啊啊。Stan Lee泪目。最后，开个玩笑，被蜘蛛咬了以后，身边亲密的男性……保平安……哈哈哈
3,六壁坂,5,2018-12-21,下半年唯一吹爆，你需要更多蜘蛛侠
7,Aricado,3,2018-12-21,九分，至于吗...排除情怀剧情其实很弱智吧...属于有情怀四星没情怀及格的水平，恰好对小虫没啥情怀...
6,Xaviera,4,2018-12-16,再次感谢观影团~！剧本什么的比海王好看多了好伐！完全不输真人版的蜘蛛侠，甚至比之前那几部都要好看，很期待续集还能搞出什么花样。梗其实还是很老梗，能力越大责任越大这个蜘蛛侠内核依旧贯穿全片，但在跨次元的画风上做了非常酷炫的处理，尤其喜欢漫画式的配字和特效，笑点非常密集，实在太爱看漫威自嘲了~你以为他们不知道槽点吗，他们其实比你们还清楚哈哈哈。全片最大的彩蛋还是斯坦·李，一出来真的让人泪目。
4,羚羊的灵魂,4,2018-12-17,在皮克斯技术流都在把动画形象做到更接近真实，在抠每一根头发和毛线纹理的时候，索尼能反其道而行之，创作出一种全新的视觉风格。画面的质感介于漫画和CG动画之间，放肆又大胆，粗粝但不粗糙。就像这部电影的故事一样，这种画风仿佛是来自另一个平行世界，极其出挑。在我看来，它打开了好莱坞动画的新维度。
4,王食欲,3,2019-01-01,中年危机蜘蛛侠、色盲蜘蛛侠、动物蜘蛛侠、女性主义蜘蛛侠、秋叶原蜘蛛侠、种族平权蜘蛛侠。
8,致郁系,3,2018-12-21,设定很有趣，画面很爆炸，BGM很好听。也有好多有趣的彩蛋很惊喜，但是主角的成长线真的是我最讨厌的最无趣的模式没有之一了。
11,廿卅叶,2,2018-12-24,很有风格，不妨碍我觉得难看。
3,渡口无边,4,2018-12-16,把美漫风格和动画所能超越真人部分的视效发挥到了极致。成长部分老生常谈，颓废的帕克对以往的超级英雄形象特别颠覆，蜘蛛侠聚众强调了几次“知道自己不是孤独的感觉很好”。后面几只蜘蛛足够有趣但略有些过犹不及，整体依然是漫威十分炸裂且具有突破的作品。若是有续集，平行世界的小蜘蛛联手怕是要酷到爆炸。
5,口袋_肥力士,4,2018-12-16,感谢豆瓣提前点映。视效确实无与伦比非常值得IMAX的效果也确实破了次元壁。主角太政治正确了爸爸黑人妈妈拉美裔，不知道是日漫形象画的不走心还是本来日漫画法就不适合3D，除此以外都值得观看。美漫方式的动画如果都画成这样，真的还有人需要真人版吗哈哈
6,武侠小王子,4,2018-12-16,北美青少年蜘蛛侠观影指南。
3,初尘,5,2018-12-22,看见没看见没，我最爱的蜘蛛侠有这么酷的电影啊！看见没！
2,诸葛若见,4,2019-01-03,"比想象中惊喜，有点老套的剧情，却拍成如此浪漫。小黑蛛的孩子气，彼得的中年丧比，格温的英姿飒爽，猪头的可爱，暗影的阴沉，潘妮的日系机甲风。6个蜘蛛侠性格迥异，却完美符合英雄主旨。只要带上面具，每个人都可以是蜘蛛侠。

视觉实现比真人超英片好多了，色彩的运用到极致，斑斓却不扎眼。配乐欢快，与明亮的画面相得益彰。最喜欢佩妮的日漫机甲，与其他几个蜘蛛侠的画风完全不一样，却丝毫不违和。

喜剧元素恰到好处，中年彼得的秋裤，小黑蛛的涂鸦，都能让人会心一笑。本片是小黑蛛的成长史，亦是两代蜘蛛侠的传承。凭心而论，蜘蛛侠系列最好一部，全片才是2018最强超英片，高于海王和复联3。"
4,默语生,5,2018-12-26,吊打其他动画电影不成问题。基本从开头LOGO变网点纸就让人开始high，3D中偶尔露出定格、扁平风、对话框甚至故意掉帧来昭示漫改血统，视觉上又大胆又完美。萝莉巨机和猪猪侠太有梗了。剧情稍弱，但确实货真价实平行宇宙，不论哪个次元超级英雄都要靠死亲友开光真是太真实了。五星。
5,喂饭,4,2018-12-22,6.0   可能因为漫改电影在自我重复的流水线内待太久，稍微做点出格之举大家就嗨成这样，不过这难道不是动画相比于真人电影本该有的优越性么～但还是四星，有些段落会让人忍不住地幻想，在大银幕看MM4和汤浅政明会是什么感觉…算是部一定程度上挣开工业惰性的作品
4,斑陀螺,5,2018-12-25,"惊呆了, SONY这次竟然做了个真的好看的一流 (动画) 电影 ˊ_>ˋ

1. 日系ACGer和美系ACGer都应该看。不吹不黑, 这部电影的画面技术和表现风格可以说是「漫画改编动画」最理想的标杆形态 (之一) 了, 无疑给业界指明了一个新的可能性。

2. 画面技术首先带来了不可思议的视觉刺激, 而且可贵的是「技术」同时也是为「叙事」服务的。这种叙事的调调还就真只有漫画风格才能Hold的住。抽帧本身竟然也是个观影情感引爆的伏笔, 当观众适应了抽帧的动画感后, 迈尔斯觉醒的一段突然炸裂的全帧数摆荡和跑酷简直High到窒息。

3. 蜘蛛侠独有的利用了高机动性特性设计出的立体空间的动作戏相当精彩。敌人和我方多人在四处碰撞的巨大石块间不停穿梭和战斗的感觉像是视角控制完善版的《重力少女2》的BOSS战w"
3,蚂蚁没问题,5,2018-12-23,that was soooooo coooooool！以及，无论在哪个时空，贫穷还是富有，年轻或年老，紧身衣还是秋裤，Peter Parker才是最好的蜘蛛侠！
4,麻友安,5,2018-12-21,超英片应有的想象力终于在动画里回归了。
10,、seeder,1,2018-12-23,看完想骂人，除了视觉效果，哪里配得上8.9分了？？？！！！异常难熬的2个小时！！
6,萨库拉,4,2018-12-21,在连续看了《天气预爆》和《武林怪兽》后，谢谢这一部把我打救。巧的是这三部想做的都是解构，但相隔的大概是胚胎和研究生的距离。最后的时空大战甚至有汤浅政明《四叠半神话大系》的神韵。
0,凉,5,2019-01-02,hhhh看预告真的挺期待。大叔化的Peter Parker，看气质竟然最接近荷兰弟。/060718/010119。2019年的第一部电影。OST好评。
5,曼仔,4,2018-12-26,可可爱爱吧！美式动漫里突然冲进来一个日本萌系画风的小女孩也是有次元壁碎裂之感。。Stan Lee的彩蛋看的人有点伤感，致敬早期漫威的黑白蜘蛛侠这个设定也好好！
3,zitsunari,5,2018-12-22,豬豬俠我本人
11,瑜笙皆假期,3,2018-12-16,视效吸睛，还挺唬人的。越看越发现：六个蜘蛛侠，只是噱头。平行宇宙，如此浅显。英雄之死，依旧回到英雄主义的头上。漫画动画解构，层次越来越浑浊。所有能拿来吹的点，都被稀释，最后成为一部还算及格的作品。
3,Jin Unrated,5,2018-12-21,其他都没什么可再表扬的了。我就想着重感叹一下 Daniel Pemberton 的配乐。他几乎没有失手的电影。The Prowler 每次出场的背景乐让人汗毛竖起，查了一下竟然是用大象的吼声做的。这部片能那么燃很大一部分是他的功劳，情不自禁献出了我的膝盖。
6,鬼腳七,4,2018-12-21,4.5，逼近5星。非常非常厉害了，分镜、动作设计、视觉效果，极尽浮夸而恰到好处，主题简单但是呈现到位。所有以前宣传自己“把漫画搬上银幕”的电影都应该跪下来道歉。
3,saturdaylou,5,2018-12-22,uncle Aaron房间电视有一秒Troy起床，为这个巴斯奎特小黑蛛真实流泪了！
1,品客,5,2018-12-22,当少年龙虎队遇上蜘蛛侠，真的是太爆炸了。一想到整个好莱坞工业的领先，就感到绝望。
3,獨孤島主,4,2018-12-24,超次元阵列背后，是万变不离其宗的老鸭粉丝汤
15,死于2019,5,2018-12-03,炸裂！吹爆！嗑药High！音乐和镜头设计、动作设计都太凌厉！片长稍长但是全程毫无尿点！视听惊艳的同时情感线又能做到有血有肉，非常难得了！其实Peter的戏份和Miles不相上下，甚至更多……以及，成为蜘蛛侠的关键居然是：你得死个亲戚……
3,ZeonGin Sou,3,2018-12-23,卡卡卡卡卡卡卡出翔啊！这帧数怎么了！什么鬼新技术？所谓技术创新个性视觉不能以观众不舒服为代价啊。像蜘蛛侠这么溜的动作片还抽帧？当然，视效浪到什么都玩，各种漫画穿插一本满足，毫无疑问是3D震撼新视界！！！遗憾的是，剧情弱爆，对白无聊，嘴炮尽失，本子不配视效。
1,介意,3,2019-01-01,I need to see Peter Parker and Peter B. Parker go at it right now! Right now!
7,奈落,5,2018-12-16,年度最大惊喜，没有之一。之前看预告的时候就期待很高了，没想到看正片的时候太超出预期值了，整个把我给看傻掉！丰富的剧情线，每个人物都有鲜明的特点，小黑蛛的成长线也完全ok，再加上节奏快、画面燃爆、bgm加分这些优点，毫无疑问是年度最佳动画了！！
2,LORENZO 洛伦佐,4,2018-12-31,颜色和3D效果的运用创动画新高。至于剧情什么的，文戏部分尤其是黑人/拉丁裔男主什么的感觉是政治正确无误了，但还是有点煽。机甲少女/卡通版/黑白版倒是很有意思。
4,lohannnn,5,2018-12-23,天知道我现在的心情有多激动，非常值得二刷的电影。对glitch的运用简直神了，telltale画风最好的模仿者。片头就让你“哇”的分镜，配上old school hiphop，每一帧都美得能当壁纸。镜头跳跃的顺畅感就像你的眼睛装着一个摄像机，平面和立体的碰撞、不同画风的交融，画中画的表现形式，千言万语汇成一句“他妈的真绝了”。
3,拐子流星锤,5,2018-12-21,画风分镜满分。各种目不暇接的飞跃，让人激荡着幸福感
5,gerald,5,2018-12-23,太好看啦！我觉得我能吹上一年！什么叫完美的漫改电影这就是完美的吊打其他所有蜘蛛侠电影的漫改电影！！在大银幕上重现漫画风的鲜艳迷幻的波普色块、网点纸和溢色还有对话框感叹词加上特效，还有令人惊叹的只能以动画加以展现的各种神奇的运镜和视角（信仰之跃我的天！），简直要让人给索尼爸爸跪下了！蜘蛛侠传统的成长主题也借着不同性别、年龄甚至生物的蜘蛛侠得以延展，简直太令人满足。
6,珍珠,5,2018-12-16,应该是今年最炫酷的电影了。很久没有看过这么美妙的graphical work。妙在故事完全hold住了。
8,我爱罗宾,3,2018-12-16,最大特色就是解构电影解构漫画，六个蜘蛛侠同场乱斗。看得眼花缭乱的，每个人平摊戏份后也就没多少感觉了。比较偏爱不停散发魅力的女蜘蛛侠
4,饕餮暴血,5,2018-12-16,看完最先想到的词是revolution，真的已经忘了上一部能看到这样浑身酥麻的电影是什么了，没想到是索尼给整个好莱坞上了一课。严格来说这也是个起源故事，而且角色量远超一般的起源电影，居然每个都能深入人心；主题也并不新鲜，但竟然能在短短两小时内呈现的丰富而动人。最先锋的是，能在完成这样任务的同时，随心所欲的玩转爆炸脑洞的画风美术设计和配乐等“表面工程”，让漫改电影在大银幕上第一次迸发出符合自己属性的生命力。近些年绝大部分商业片比之都显得不思进取，不拿下奥斯卡天理难容
4,国产凌凌期,5,2018-12-21,最喜欢暗影蜘蛛侠，感觉就是从50年代黑色电影里走出来的一样，还是凯奇配的音，一本满足。
2,旧书君,4,2018-12-23,动起来的漫画名副其实。眼睛被颜色挤满到快要爆炸。卡顿（有意）掉帧又造就了无形的节奏感。索尼为了不丢版权真的是要把小蜘蛛玩出花来。中年危机彼得帕克比青年彼得帕克帅多了嘛。也算是人人都能找到代入感了（误）
3,seabisuit,4,2018-12-22,在影院看的第一部超级英雄电影就是《蜘蛛侠》，也是有恐高症的我最想当的那个，还能想起02年夏天在早已没有的东单大华小厅胶片版带给我的震撼要大于这部动画。完全类似漫画的好多表现形式确实有新鲜感，但随着平行宇宙后的轮番出场马上像近年大多漫改作品一样审美疲劳，群英的设置通病让人物刻画顾此失彼。3D还削弱了画面上像印刷网点的效果，同时让观众也会有戴上面罩后看到同主角一样景象的感觉以自己的方式体验扮演了角色，打斗和颠倒重力完成了真人拍摄的难点。未来也许会有更多这样多民族甚至跨物种和次元的类型席卷全球的大制作，让另一个世界有同样遭遇的你为之汇聚参与集合，人都有疏远的时候但不希望是你我。给中年的彼得帕克加分，当然如果用托比马奎尔的形象也许会更加有感触，再加上加菲荷兰弟一同出现就更不敢太奢望了。
9,oriyao,2,2018-12-25,乱七八糟
4,面白饭Θ☉Θ,5,2018-12-16,好看！很久没看到这么新潮而又爽快的动画片了！甚至比真人电影还好看，不禁让人怀疑是不是所有超级英雄片都更适合动画形式。
3,Ada的B计划,4,2018-12-22,感动，真好看.
2,扭腰客,5,2018-12-25,屌炸天的分镜，燃到爆的视角，一层又一层的梗，简直找到了第一次看超级英雄电影的初心。以及，黑人审美真的是目前最高级、最野性、最自由的。
3,血源2出了吗？,5,2018-12-23,天惹 这渲染我可以蹦一年 （P5要素充实（Telltale Games要素充实
3,汪金卫,4,2018-12-16,整体很不错，但没有预期（吹捧）得那么好。熬过煎熬俗套的前20分钟，逐渐豁然开朗。索尼正确地赶上了漫画化、年轻化、吐槽化，量子宇宙化的潮流。七个蜘蛛侠汇聚一堂，制造无数笑点和感人泪点。内核依旧是老生常谈的少年蜘蛛侠经历挫折与成长BLABLA。3D现实感与2D手绘交错的画风很赞，完美还原漫画分镜、对话框。不过如此恶搞话痨、打破第四堵墙的风格，也让我频频产生“我是不是在看《死侍》？”的出戏跳跃感。国内版删掉了片尾致敬斯坦李字幕和彩蛋很不爽。三星半
10,辛普森,1,2018-12-18,原来是漫画。。。。只想骂娘
3,Autodesk,5,2018-12-29,年度最佳！欧美的创造力是在太强了。
3,都亭驿符宝郎,5,2018-12-22,摸着我的良心（如果我有的话）说，比真人好看。
2,SpancerHu,5,2018-12-25,吹爆+疯狂打call！这就叫踏马的激荡人心！！！我简直无法冷静无法冷静无法冷静了！！！年度最佳漫改！！！与[头号玩家]在2018年首尾呼应！！！爸爸，我居然可以在电影院里看有声漫画了～妈妈，电影工业又给我寄情书了～摒弃一切华丽辞藻专业分析，我只建议大家走进影院，专心的有素质的享受它！！！（淘票票里的差评居然绝大多数都是因为进场了才知道这是动画片是不是猪脑子啊真想取了他们狗命！）
2,花轮君,5,2018-12-22,特效画面吊打今年所有同行，女蜘蛛侠太酷了，黑白那个像罪恶之城，然而我还是愿意做那只猪蛛侠。
2,文森Vincent,3,2019-01-01,非常的好莱坞花架子了。以美漫风格为视觉主体的美学形式的确引人注目，但它本质上是一剂短暂奏效的兴奋剂，无法与电影情节建立起深层次的、深刻的联系。所以你也可以很容易就发现本片与迪士尼经典动画的区别：二者尽管都在贩卖廉价的普世情感，但迪士尼动画都会有意识地在细节上创造出自身独特的记忆点，索尼这部《蜘蛛侠：平行宇宙》显然没有。★★★
2,亲爱的猥琐猪,5,2018-12-22,3D动画，平面漫画，涂鸦……不同的表现形式竟然奇迹般完美融合在一起，正因如此，不同画风的蜘蛛侠聚集时显得如此自然。蜘蛛侠的主题永远都是成长，不像另一些英雄或为王、一家之长、正义象征、企业老板，蜘蛛侠只是个本该普普通通快乐过日子的孩子，但每次他都回来了。正是这种青春的自我定位让蜘蛛侠系列拥有不可取代的魅力。今年真有趣，一是群英聚会的电影如此多，二是漫威与DC的年底高质量对攻：我的电影没比你差多少，你的动画也未必比我高明。格温挡着帕克见玛丽简的一幕又是白学吗？
8,柠檬水露,5,2018-12-14,几乎是最好的蜘蛛侠电影。用动画在视觉上实现突破，趣味远超真人版，而蜘蛛侠作品最重要的内核也传达得远比新的几部电影好上一档。最终战的场景太炸裂了！
2,盆盆碗碗鱼♫,3,2018-12-31,画面挺燃的，漫画既视感，和泽同学@南方ONE影城
2,mandym,3,2018-12-21,流行文化大杂烩，无论是音乐、背景设计（年代感的结合很感人）、文化元素、服饰和对白，都有亮点，双反超英段子可以有，Lee老头终于说了句“有用”的台词，动作戏及其运镜设计好评（暂时这么多）；故事头重脚轻，铺垫全靠人设，而且“主角光环”不知是motif还是累赘，bug就这么解释了？最后决斗场面太眼花缭乱找不到北，也太儿戏了（就因为主角小？），父子情有点老套可是实用，但剧情转折全靠这也太倚重了，拖累整体设计的新颖感！可能这片就是一个外表时髦的闷骚中年大叔？反派叔叔有点鸡肋，PS：再夸一下，影片开头人物出场的剪辑比真人电影都棒都耐得住研究。PS2：其中有个镜头和海王拿烟火棒直闯海沟族的画面超像，也超有视觉震撼感
4,孟德史啾咪,5,2018-12-16,最好的蜘蛛侠&真正的漫画电影！片头片尾炸裂
9,Messi,1,2018-12-15,A confusing mess
2,kylegun,5,2018-12-28,挫蜘蛛丧志，女章鱼暴走，为叔寻仇变体依然纠结，武力值满金并异次元搏杀，黑色电影日本机甲大头卡通涂鸦嘻哈……最好的蜘蛛侠电影，悲壮热血嘴炮一个不少。一开始的闪回都是Sam Raimi版里的片段包括挫舞，为啥不直接找Tobey Maguire来配音？
2,Paco,3,2018-12-29,3.5。“最好的形式主义就是让形式成为最重要的内容”，从这点来看，无论绝佳的市场反馈是基于“被新瓶蒙蔽”还是“如此新瓶，旧酒何妨”，代表的都是这种创作理念的胜利。故事上，比打破次元壁本身更有趣的，是让救了无数次世界的蜘蛛侠们聚在一起救自己。
2,赵启辰,4,2018-12-22,动画动作电影最棒的一点就是可以实现物理实拍绝没可能做到的镜头运动，自由度太大了，真的爽，实现所有对镜头设计的想象
2,wuhoyee_Joey,5,2018-12-21,蜘蛛俠是一種信念。各種向老版蜘蛛俠的致敬，還有向兩位蜘蛛俠的創作者和各種經典蜘蛛俠的致敬。適當的幽默，親情的感動，融合出一部笑中有淚的電影，配樂也很棒。漫畫般的質感也很棒。PS感覺parker臉很好看(˶‾᷄ ⁻̫ ‾᷅˵)
2,REDEYESKi,4,2018-12-16,"Lovely, 金并的建模有点夸张了吧"
2,龟去来西,3,2019-01-07,视效运镜牛B 故事看完即忘
1,启示颂藏,5,2018-12-17,这是什么神啊！在迪士尼套路下的漫威电影环境能做出这种回归本真的作品太难得了，它让我想起了对超英最初的幻想。
1,水浒三国金刚,4,2018-12-22,索尼把蜘蛛侠宇宙玩顺溜了
2,河狸,5,2018-12-21,史上最好看、最炫酷的蜘蛛侠电影。3D、2.5D和2D的猪猪侠（你没看错，真的是猪猪侠）齐聚一堂。技术层面来讲应该是动画电影的最高水准了。
3,煮蓝,5,2018-12-16,也太狂了吧，感觉仿佛来蹦了场野迪，剧情比较中规，有些许小惊喜，可是视效太波普了，安迪沃霍尔灵魂附体，尤其最后那段，真的疯特！
4,孤岛影者,4,2018-12-16,“战服以后总会合身的”一句话道破电影宗旨。蜘蛛侠系列最佳影片出没！蜘蛛大杂烩，内容大杂烩，思想大杂烩。美漫风、二次元，都塞得很满且没有过溢，特效也是真不用再多说，算给漫威英雄动画做了榜样！蜘蛛平行宇宙所开的脑洞，spider-man变为spider-people，每位英雄成就自我之路，总会伴随有失去。成长路途遥遥，故事笑点不断，顺带泪点多处。还是那个问题：剧本写得太实而趋于低龄化，但倒也不影响观感。
